,O1V1,O1V2,O1V3,O1V4,O1V5,O1V6,O1V7,O1V8,O1V9,O1V10
HG00096,H,R,H,H,A,H,H,R,R,H
HG00097,H,A,H,A,H,R,H,A,A,H
HG00099,R,A,H,H,R,R,H,A,A,H
HG00100,R,A,R,R,R,H,R,R,R,A
HG00101,A,A,H,A,H,H,R,A,R,R
HG00102,H,A,H,R,A,H,H,H,R,A
HG00103,R,H,H,R,R,R,H,H,R,A
HG00105,H,A,H,H,H,R,H,R,R,H
HG00106,A,A,H,H,A,H,A,R,R,A
HG00107,H,H,A,H,A,H,R,R,R,H
HG00108,R,A,H,R,H,R,R,R,R,H
HG00109,R,H,A,R,R,H,R,R,R,H
HG00110,R,H,R,A,H,R,R,A,R,H
HG00111,R,A,H,H,A,H,H,H,R,A
HG00112,H,A,H,R,A,R,H,R,R,R
HG00113,H,A,R,H,R,R,H,H,R,H
HG00114,R,A,R,H,H,H,R,H,R,H
HG00115,R,A,R,A,A,R,A,R,R,R
HG00116,R,H,H,R,H,R,H,R,H,H
HG00117,H,H,A,H,H,R,A,R,R,A
HG00118,H,A,R,R,R,H,A,R,R,H
HG00119,A,A,R,R,A,R,A,H,H,A
HG00120,H,A,R,R,A,H,R,R,R,A
HG00121,R,A,R,H,A,H,A,R,H,R
HG00122,R,A,A,H,R,H,R,H,H,A
HG00123,H,A,H,H,H,R,H,H,R,H
HG00125,R,A,R,H,R,A,R,H,H,R
HG00126,H,H,H,H,A,R,R,H,R,H
HG00127,R,H,H,R,H,H,R,R,R,A
HG00128,R,A,A,H,H,H,H,R,R,A
HG00129,R,A,R,R,H,R,R,R,H,H
HG00130,H,H,R,R,H,R,A,R,R,A
HG00131,A,A,R,H,A,R,R,H,H,R
HG00132,H,H,R,H,A,A,H,R,R,A
HG00133,R,A,R,H,A,R,R,R,H,A
HG00136,H,A,A,H,A,H,H,R,R,H
HG00137,A,H,H,A,A,A,H,R,R,A
HG00138,H,A,R,R,R,H,H,R,R,A
HG00139,A,A,H,R,H,H,H,R,A,H
HG00140,H,A,A,H,H,R,R,R,R,A
HG00141,A,A,H,H,A,H,H,R,H,H
HG00142,A,H,R,H,H,H,H,R,R,R
HG00143,R,H,H,A,R,R,R,R,R,H
HG00145,R,A,R,R,H,H,R,R,R,A
HG00146,R,A,A,A,A,R,H,H,R,H
HG00148,H,A,R,H,H,H,H,R,R,H
HG00149,A,A,H,A,H,R,R,R,H,A
HG00150,H,A,R,H,H,H,H,H,R,R
HG00151,R,A,H,H,A,R,A,H,H,R
HG00154,R,A,R,A,H,H,H,H,R,H
HG00155,H,A,R,A,R,R,H,H,R,H
HG00157,R,H,A,H,A,R,H,R,R,H
HG00158,H,A,R,R,A,H,R,R,R,A
HG00159,H,H,H,H,R,R,H,H,R,A
HG00160,H,A,H,R,H,H,R,R,R,A
HG00171,H,A,H,A,H,H,H,R,R,H
HG00173,H,H,R,H,R,H,H,R,H,R
HG00174,A,A,H,A,A,R,H,H,R,H
HG00176,A,A,H,H,A,R,R,R,R,A
HG00177,R,H,H,A,A,R,H,R,R,H
HG00178,H,A,R,A,A,R,R,H,H,R
HG00179,H,H,R,A,A,R,H,R,R,A
HG00180,H,A,H,H,H,R,H,R,R,H
HG00181,H,A,H,H,R,R,H,R,R,H
HG00182,H,A,H,R,A,H,R,R,H,H
HG00183,A,H,H,A,R,R,H,H,H,H
HG00185,A,A,A,H,H,R,A,R,R,A
HG00186,H,A,R,H,A,R,A,H,R,A
HG00187,A,H,H,A,H,R,A,R,R,A
HG00188,A,R,R,A,H,R,H,H,H,R
HG00189,H,H,R,H,A,H,H,R,R,H
HG00190,R,A,A,A,H,R,R,R,R,A
HG00231,H,H,R,H,H,H,R,R,R,A
HG00232,R,A,A,A,H,R,R,R,R,A
HG00233,H,R,H,A,H,R,H,R,H,A
HG00234,A,A,A,A,A,H,H,H,R,H
HG00235,H,R,R,H,A,R,R,R,R,H
HG00236,R,A,H,A,H,R,H,R,R,H
HG00237,R,H,A,H,H,R,R,R,H,A
HG00238,R,H,R,R,A,H,R,R,R,H
HG00239,R,H,H,A,H,R,H,R,R,H
HG00240,R,A,R,A,A,H,R,R,R,H
HG00242,H,H,H,A,A,R,R,R,H,H
HG00243,A,H,R,H,H,R,H,R,H,A
HG00244,H,A,R,H,A,R,R,R,R,H
HG00245,R,A,R,A,H,H,A,H,R,H
HG00246,R,R,H,A,H,H,R,R,R,H
HG00250,H,H,H,A,A,R,H,H,R,A
HG00251,A,H,R,A,H,H,R,H,R,A
HG00252,H,A,R,H,H,R,R,R,H,H
HG00253,R,H,H,A,H,R,H,R,R,H
HG00254,H,A,R,H,H,H,H,R,R,A
HG00255,R,H,R,H,A,R,R,R,R,A
HG00256,H,H,H,A,H,H,H,A,H,A
HG00257,H,A,R,R,A,R,A,R,R,A
HG00258,H,A,R,A,H,H,H,R,R,A
HG00259,H,H,R,H,A,R,R,H,R,A
HG00260,H,A,A,A,A,H,R,R,R,A
HG00261,H,H,H,A,A,R,H,H,H,H
HG00262,A,A,A,H,A,R,A,R,R,A
HG00263,R,A,H,H,R,H,R,R,R,H
HG00264,R,A,R,H,H,R,H,H,R,H
HG00265,H,A,R,A,H,H,A,H,R,R
HG00266,A,R,A,H,H,A,H,H,H,R
HG00267,R,H,A,A,H,A,H,R,R,H
HG00268,H,A,A,H,H,H,H,R,R,H
HG00269,A,A,H,A,H,R,A,R,H,A
HG00271,H,H,H,A,H,R,H,R,R,R
HG00272,A,A,R,H,H,R,A,A,H,R
HG00273,H,H,R,A,A,A,A,R,R,A
HG00274,R,H,R,A,A,R,R,R,R,R
HG00275,H,H,H,H,H,H,H,R,R,A
HG00276,A,H,A,A,A,R,R,H,H,A
HG00277,H,A,H,R,H,R,R,H,R,R
HG00278,R,A,H,A,A,H,A,R,R,H
HG00280,H,H,H,H,H,H,H,H,H,A
HG00281,H,A,A,A,A,H,H,R,R,R
HG00282,R,A,H,R,H,H,R,R,R,A
HG00284,R,A,R,H,R,R,H,R,R,H
HG00285,H,H,H,H,A,A,H,R,R,A
HG00288,A,R,H,H,H,R,R,H,H,H
HG00290,R,A,R,A,H,R,A,R,R,H
HG00304,R,A,R,H,H,H,R,R,R,H
HG00306,R,R,H,R,A,R,R,R,R,A
HG00308,R,A,R,A,H,H,R,H,R,A
HG00309,H,A,H,R,H,H,A,H,H,A
HG00310,H,A,H,A,R,H,A,H,R,A
HG00311,H,H,R,A,R,R,R,H,H,H
HG00313,H,A,H,A,H,R,R,H,R,A
HG00315,R,A,H,H,H,R,H,H,R,A
HG00318,R,A,H,A,H,H,R,H,R,H
HG00319,H,H,H,A,R,R,H,R,R,A
HG00320,H,H,R,H,H,H,A,R,R,H
HG00321,R,A,H,A,H,H,H,H,H,A
HG00323,H,A,A,H,H,A,R,H,R,H
HG00324,H,A,R,H,A,R,H,H,R,A
HG00325,A,H,R,A,A,H,A,R,R,R
HG00326,A,A,H,R,H,R,R,R,R,A
HG00327,H,A,R,H,A,H,R,R,R,R
HG00328,R,H,H,R,H,R,R,R,R,H
HG00329,A,A,A,H,H,H,H,R,R,A
HG00330,H,A,R,A,A,H,R,H,R,R
HG00331,R,H,H,A,A,R,R,H,R,H
HG00332,A,A,R,H,H,R,R,A,R,R
HG00334,H,A,A,R,H,H,H,H,R,A
HG00335,H,H,H,A,H,H,R,R,R,R
HG00336,H,A,R,H,A,R,R,R,R,R
HG00337,R,A,A,R,A,H,A,H,R,A
HG00338,H,H,A,H,H,A,R,H,R,A
HG00339,R,H,A,A,R,A,A,R,H,R
HG00341,H,H,H,R,A,H,H,H,H,H
HG00342,H,A,R,A,A,R,A,A,R,H
HG00343,R,A,R,A,H,H,H,R,R,H
HG00344,R,A,R,H,A,R,R,H,R,R
HG00345,H,H,H,H,R,R,A,H,H,H
HG00346,H,H,H,H,R,R,A,H,R,A
HG00349,R,A,A,R,A,H,R,H,R,A
HG00350,A,H,H,H,A,R,R,H,R,R
HG00351,H,A,R,H,H,R,H,H,H,H
HG00353,H,H,H,H,A,R,H,R,R,R
HG00355,H,H,H,H,H,R,H,R,R,A
HG00356,A,H,H,A,R,H,H,R,R,A
HG00357,H,A,H,A,A,H,H,H,H,H
HG00358,H,A,H,A,A,R,H,H,H,A
HG00360,H,H,H,A,H,A,H,R,R,H
HG00361,H,H,A,H,A,R,A,R,R,A
HG00362,R,A,H,H,H,H,R,H,R,H
HG00364,R,A,H,H,A,H,R,H,H,A
HG00365,H,H,H,A,H,R,A,R,R,H
HG00366,H,H,A,A,H,R,R,H,R,R
HG00367,H,H,H,A,A,H,H,R,R,A
HG00368,A,A,H,A,A,H,H,H,H,H
HG00369,R,H,R,A,R,H,R,H,H,A
HG00371,A,H,H,H,H,R,H,R,R,A
HG00372,R,A,R,A,A,R,A,R,R,H
HG00373,H,A,A,A,H,H,H,R,R,A
HG00375,H,A,A,R,A,R,A,R,R,H
HG00376,R,H,A,R,A,H,R,H,R,A
HG00378,R,H,H,H,A,A,A,R,R,H
HG00379,R,A,R,A,H,A,A,R,R,R
HG00380,R,A,R,A,A,R,R,H,R,H
HG00381,A,A,R,H,A,R,A,H,R,H
HG00382,H,A,R,A,R,H,R,R,R,H
HG00383,H,H,R,R,A,H,A,R,R,A
HG00384,H,A,R,A,R,R,H,H,H,A
HG00403,H,A,A,H,A,A,H,R,H,H
HG00404,R,H,R,A,A,R,H,R,A,A
HG00406,R,A,R,A,R,R,H,H,H,A
HG00407,R,A,R,A,R,R,H,R,R,H
HG00409,A,H,H,H,R,R,H,R,H,H
HG00410,H,A,R,A,H,H,A,H,R,H
HG00419,H,H,R,H,H,H,A,R,H,R
HG00421,A,H,H,A,H,A,A,R,H,H
HG00422,H,H,R,H,H,R,A,H,R,A
HG00428,R,A,R,H,H,R,A,R,R,H
HG00436,R,H,R,A,H,R,A,H,R,R
HG00437,H,A,R,H,R,A,R,A,H,A
HG00442,H,H,R,R,R,H,A,R,H,R
HG00443,H,A,R,R,R,R,A,R,R,A
HG00445,R,A,R,H,R,R,A,H,R,H
HG00446,A,A,H,A,H,R,A,R,H,H
HG00448,H,A,H,A,R,H,A,R,H,A
HG00449,H,R,H,H,H,A,A,R,R,H
HG00451,H,A,H,H,R,H,A,R,H,A
HG00452,H,A,R,H,R,R,A,H,R,A
HG00457,R,H,R,H,H,H,A,R,R,A
HG00458,R,H,R,A,R,H,A,H,R,H
HG00463,H,A,H,H,H,H,A,H,H,H
HG00464,A,A,R,A,R,A,A,A,R,H
HG00472,H,A,R,H,H,A,A,R,H,H
HG00473,H,H,R,R,H,H,A,R,R,H
HG00475,H,H,H,A,H,R,A,H,A,H
HG00476,R,H,H,R,R,R,A,H,H,R
HG00478,R,A,R,A,A,H,A,H,H,A
HG00479,H,A,A,A,R,R,A,H,R,H
HG00500,H,A,R,A,R,R,A,R,A,H
HG00513,H,A,H,A,R,R,A,R,H,R
HG00524,R,H,R,H,H,R,A,R,R,H
HG00525,H,H,R,A,R,R,A,R,R,H
HG00530,R,A,H,H,H,R,A,R,R,H
HG00531,H,A,A,H,H,R,H,R,A,H
HG00533,H,A,R,H,R,H,A,H,R,H
HG00534,R,A,H,R,R,H,A,R,H,A
HG00536,R,A,R,A,H,H,A,H,H,R
HG00537,A,R,R,H,H,R,A,R,R,H
HG00542,H,A,R,A,H,R,H,R,R,H
HG00543,H,H,R,H,R,R,A,R,R,H
HG00551,R,H,H,R,A,R,H,R,R,R
HG00553,H,A,R,A,A,H,H,R,A,H
HG00554,R,A,H,H,A,H,R,R,R,H
HG00556,H,A,R,H,R,H,H,R,R,H
HG00557,A,H,R,R,R,H,H,R,H,H
HG00559,R,A,H,H,R,H,A,R,H,R
HG00560,R,H,H,R,R,R,A,R,R,H
HG00565,H,A,R,H,R,H,A,R,R,H
HG00566,R,H,A,A,R,R,H,R,R,H
HG00580,H,A,R,A,H,H,A,H,H,H
HG00581,H,A,H,H,R,R,A,R,H,R
HG00583,A,H,R,A,H,H,A,R,H,A
HG00584,A,H,R,A,R,H,A,H,H,H
HG00589,H,H,H,H,R,H,A,R,H,H
HG00590,R,A,R,R,H,R,A,H,H,H
HG00592,H,H,R,H,R,H,A,R,H,H
HG00593,A,H,H,R,H,H,A,H,H,R
HG00595,H,H,R,H,H,R,A,H,H,R
HG00596,R,A,R,H,H,R,A,H,H,A
HG00598,A,A,R,R,R,R,A,R,H,H
HG00599,H,A,R,A,R,R,A,H,R,H
HG00607,H,A,R,H,H,R,A,R,H,H
HG00608,R,H,H,A,H,R,H,R,R,R
HG00610,H,A,R,H,R,A,A,R,R,H
HG00611,H,A,R,A,H,H,A,H,R,H
HG00613,R,A,R,R,H,R,H,R,R,H
HG00614,H,A,R,R,A,R,H,R,R,A
HG00619,R,A,R,A,A,R,A,A,R,A
HG00620,H,A,R,H,H,R,R,R,R,H
HG00622,H,H,R,H,H,A,A,H,H,H
HG00623,H,H,R,A,H,A,H,R,R,H
HG00625,A,A,R,H,R,R,H,H,R,H
HG00626,R,A,R,H,R,R,H,R,R,H
HG00628,H,H,R,H,R,R,A,H,R,H
HG00629,H,H,R,H,H,R,H,R,H,H
HG00631,R,A,R,R,R,R,A,R,R,H
HG00632,H,H,H,H,H,R,A,R,H,A
HG00634,H,A,R,H,R,R,H,R,H,H
HG00637,R,A,R,A,A,H,H,H,R,R
HG00638,H,A,H,R,H,H,R,R,H,A
HG00640,R,A,H,H,A,H,A,R,H,A
HG00641,H,H,R,A,A,R,R,R,R,H
HG00650,R,A,H,A,H,R,H,R,H,A
HG00651,H,H,R,A,R,R,A,H,H,H
HG00653,R,A,R,H,A,R,A,R,R,A
HG00654,R,H,R,H,A,H,H,R,R,A
HG00656,R,H,R,H,H,H,H,R,H,H
HG00657,H,A,H,H,R,R,A,R,R,H
HG00662,H,H,R,A,R,R,A,R,H,H
HG00663,H,A,H,A,H,H,A,R,R,A
HG00671,H,A,H,A,R,H,H,R,H,R
HG00672,H,A,R,H,R,A,A,H,R,A
HG00674,H,H,H,H,R,H,A,R,R,R
HG00675,H,A,H,R,R,A,A,R,R,H
HG00683,R,H,R,R,A,H,H,R,H,H
HG00684,R,H,R,H,R,H,R,R,R,H
HG00689,H,H,H,A,H,H,A,R,R,H
HG00690,H,H,H,A,R,A,H,H,H,A
HG00692,H,A,R,R,R,R,A,R,H,A
HG00693,A,A,R,A,H,H,A,H,H,R
HG00698,R,R,R,R,R,H,A,R,H,H
HG00699,H,H,R,H,R,R,A,H,R,H
HG00701,H,H,A,A,R,H,A,R,H,H
HG00704,R,A,R,A,H,H,A,R,R,H
HG00705,R,A,H,A,H,R,A,H,H,A
HG00707,R,H,R,A,H,R,A,R,R,H
HG00708,H,A,H,A,H,R,A,H,H,A
HG00717,R,A,R,A,H,H,H,R,A,H
HG00728,H,H,R,H,R,H,A,R,R,H
HG00729,H,A,R,R,H,R,H,R,R,H
HG00731,R,A,H,H,A,R,A,R,R,A
HG00732,R,A,R,H,H,A,H,R,H,R
HG00734,H,H,R,H,A,H,R,H,A,A
HG00736,R,A,R,H,R,R,H,H,R,H
HG00737,H,R,H,A,A,R,A,H,H,R
HG00739,A,A,R,H,R,R,H,A,R,H
HG00740,R,A,H,A,R,R,A,R,R,A
HG00742,H,H,A,A,H,H,H,R,H,A
HG00743,R,A,H,R,R,A,R,H,R,H
HG00759,R,H,H,A,R,R,A,R,R,A
HG00766,H,A,R,A,H,R,H,R,R,R
HG00844,A,A,R,H,R,R,A,R,H,H
HG00851,H,H,R,R,H,H,H,H,H,H
HG00864,A,A,R,H,H,H,A,R,A,R
HG00867,H,R,R,A,R,R,A,R,R,H
HG00879,H,H,R,R,R,R,A,R,A,H
HG00881,H,H,H,H,R,R,H,H,H,A
HG00956,H,A,R,A,H,H,A,H,H,R
HG00978,H,A,R,H,R,H,A,R,A,H
HG00982,R,A,R,H,A,A,A,R,R,R
HG01028,H,H,R,H,A,A,A,R,A,H
HG01029,H,R,R,H,H,R,H,R,R,A
HG01031,R,H,H,H,H,R,A,R,H,H
HG01046,H,H,R,R,A,R,A,R,R,H
HG01047,H,H,R,H,H,A,H,R,H,A
HG01048,R,A,R,H,H,H,A,R,R,R
HG01049,H,A,R,A,H,H,R,R,H,H
HG01051,H,A,R,H,A,R,H,R,R,H
HG01052,R,A,H,A,A,H,A,R,R,H
HG01054,H,A,H,H,A,R,H,A,H,H
HG01055,H,A,A,H,H,R,H,H,R,H
HG01058,H,A,H,H,A,H,R,H,H,H
HG01060,A,H,R,H,H,H,A,H,R,A
HG01061,H,H,R,A,A,H,H,R,R,R
HG01063,H,A,R,A,A,A,H,R,R,H
HG01064,R,A,A,H,H,H,A,H,R,H
HG01066,A,H,A,A,H,R,H,R,R,A
HG01067,R,A,H,H,H,R,H,H,R,A
HG01069,H,H,R,H,A,H,R,H,H,A
HG01070,H,H,H,A,H,H,H,H,R,A
HG01072,R,A,H,A,H,R,H,H,R,H
HG01073,R,H,H,R,A,H,R,H,R,A
HG01075,H,H,H,R,H,R,H,H,R,H
HG01077,A,A,A,R,H,H,A,R,R,A
HG01079,R,A,R,A,H,H,R,H,R,A
HG01080,R,A,H,H,H,R,H,H,A,H
HG01082,R,A,R,A,H,A,A,R,H,H
HG01083,H,A,H,H,H,H,H,R,R,R
HG01085,H,H,H,H,H,R,H,R,R,H
HG01086,H,A,H,R,H,R,A,H,R,A
HG01088,R,A,R,H,H,R,H,R,R,A
HG01089,R,H,R,H,H,R,H,H,R,H
HG01092,H,A,H,H,H,H,R,R,R,A
HG01094,H,A,R,H,R,R,H,H,R,H
HG01095,R,A,R,A,A,A,H,R,R,H
HG01097,H,H,R,R,R,H,H,R,R,A
HG01098,H,A,R,H,H,H,A,H,H,A
HG01101,H,H,R,R,H,H,A,H,R,H
HG01102,A,H,R,H,H,H,R,R,A,H
HG01104,R,A,R,A,H,R,H,H,R,H
HG01105,R,H,R,H,H,R,R,H,H,H
HG01107,H,A,R,H,H,R,R,H,H,H
HG01108,H,A,R,A,R,R,A,R,R,H
HG01110,R,H,A,H,R,H,A,R,R,H
HG01111,A,A,H,H,R,H,R,R,R,H
HG01112,A,A,H,H,H,H,R,R,R,R
HG01113,A,R,R,H,A,R,A,H,R,H
HG01119,R,H,H,A,A,H,H,H,R,A
HG01121,R,A,R,R,A,A,R,R,A,A
HG01122,H,A,R,H,H,R,H,A,R,H
HG01124,R,A,R,H,A,R,R,A,R,R
HG01125,H,A,R,A,H,H,R,A,R,R
HG01130,H,A,H,A,H,H,R,R,R,A
HG01131,H,A,R,H,H,H,R,R,R,A
HG01133,A,R,R,H,A,R,H,R,H,H
HG01134,R,A,H,H,A,H,H,R,H,A
HG01136,R,A,R,A,H,A,A,A,R,H
HG01137,H,H,A,H,H,R,A,H,R,H
HG01139,H,H,H,A,A,A,R,R,R,A
HG01140,A,A,R,H,A,H,R,R,R,A
HG01142,H,A,R,H,H,R,H,R,R,H
HG01148,A,H,A,R,R,R,H,H,R,A
HG01149,R,A,R,A,R,H,H,R,R,A
HG01161,R,H,H,R,R,R,H,A,H,A
HG01162,R,A,R,A,H,A,R,R,R,H
HG01164,R,H,R,H,H,R,H,H,R,H
HG01167,A,H,R,A,R,A,A,H,H,A
HG01168,A,A,H,H,A,H,H,R,H,H
HG01170,H,A,R,H,A,H,H,H,R,H
HG01171,R,H,H,H,A,R,H,R,R,A
HG01173,H,A,R,A,A,A,H,R,H,H
HG01174,R,A,H,H,R,H,R,R,R,A
HG01176,R,A,R,A,A,H,H,R,R,H
HG01177,R,H,H,A,H,R,H,H,H,H
HG01182,R,A,H,H,H,R,A,R,R,A
HG01183,H,H,R,H,H,H,H,H,R,H
HG01187,H,A,R,A,A,R,H,H,H,H
HG01188,R,A,H,R,H,R,H,R,R,A
HG01190,H,A,A,H,H,H,A,H,R,A
HG01191,R,A,H,A,H,R,H,H,R,H
HG01197,R,A,H,H,H,H,H,R,H,R
HG01198,H,H,R,A,A,H,A,R,R,H
HG01200,A,A,R,H,A,H,R,H,H,A
HG01204,A,A,H,A,H,H,A,H,R,A
HG01205,H,H,R,H,A,R,H,R,R,R
HG01241,A,A,H,A,A,R,A,R,H,H
HG01242,H,A,R,H,A,H,R,H,H,H
HG01247,H,A,R,H,H,R,H,H,A,H
HG01248,R,H,R,R,A,H,H,R,H,A
HG01250,H,A,R,A,A,R,H,R,R,R
HG01251,A,A,H,R,H,R,R,H,R,A
HG01253,H,A,R,H,H,H,H,R,R,R
HG01254,A,A,R,R,H,R,A,H,R,A
HG01256,R,H,H,H,A,H,R,R,R,H
HG01257,R,H,H,A,H,R,H,R,R,H
HG01259,R,H,H,H,H,H,R,R,R,H
HG01260,H,H,H,R,H,H,H,H,H,H
HG01269,H,H,H,A,A,A,R,H,R,H
HG01271,H,H,H,A,R,R,H,R,H,A
HG01272,R,H,H,H,H,R,H,R,H,A
HG01275,A,H,A,H,H,R,R,R,R,A
HG01277,H,A,H,R,H,H,H,H,H,R
HG01280,R,A,R,H,H,H,H,R,R,H
HG01281,R,A,R,H,A,H,H,A,R,H
HG01284,R,H,H,H,A,R,H,R,R,H
HG01286,H,H,A,R,A,H,H,R,H,A
HG01302,H,A,R,A,R,H,H,H,R,H
HG01303,R,H,H,A,H,H,R,A,R,R
HG01305,R,A,A,H,R,R,A,R,R,H
HG01308,R,H,R,H,H,H,H,R,R,H
HG01311,A,H,R,H,A,R,R,H,H,H
HG01312,A,A,H,H,A,R,R,R,H,H
HG01323,H,H,H,A,A,R,H,R,H,H
HG01325,R,H,H,H,H,R,H,H,R,A
HG01326,H,A,H,H,R,R,H,R,R,A
HG01334,R,A,R,H,H,R,A,H,R,H
HG01341,H,A,R,A,A,R,A,A,R,A
HG01342,R,A,A,A,R,R,R,R,R,A
HG01344,H,H,A,R,A,H,A,H,A,H
HG01345,H,A,R,A,A,R,H,H,H,A
HG01348,A,H,H,H,R,R,A,H,R,A
HG01350,R,H,R,H,H,R,H,R,R,R
HG01351,H,H,R,A,H,H,A,H,R,R
HG01353,R,R,H,R,H,R,H,H,H,A
HG01354,H,A,R,A,H,H,H,H,H,H
HG01356,H,A,H,H,H,H,A,R,R,A
HG01357,H,H,H,H,H,R,H,H,R,A
HG01359,H,R,A,A,H,H,A,H,R,A
HG01360,A,A,H,A,H,H,A,A,H,H
HG01362,A,H,H,A,R,R,A,H,R,H
HG01363,H,A,H,H,R,R,A,R,R,A
HG01365,H,H,R,R,A,R,H,A,R,H
HG01366,H,H,A,H,H,R,R,R,R,H
HG01369,H,A,R,A,R,H,H,H,R,A
HG01372,H,A,R,A,R,R,R,H,R,H
HG01374,H,H,R,H,A,R,H,H,H,A
HG01375,H,R,A,A,A,H,R,A,R,A
HG01377,R,H,H,H,A,A,H,H,R,H
HG01378,A,H,H,R,R,R,H,R,R,H
HG01383,R,H,H,H,A,A,R,H,R,A
HG01384,H,A,H,A,R,R,H,H,R,R
HG01389,R,H,R,A,R,H,R,H,R,A
HG01390,A,H,R,H,R,H,H,H,R,A
HG01392,H,A,R,H,H,R,R,A,R,H
HG01393,H,A,H,R,A,R,R,R,R,H
HG01395,R,A,R,A,H,R,A,H,R,H
HG01396,R,H,H,A,A,R,H,R,R,A
HG01398,R,A,R,H,H,H,H,H,R,H
HG01402,H,H,H,H,H,H,A,H,R,A
HG01403,R,A,H,A,H,H,H,H,R,A
HG01405,H,A,R,R,A,R,R,H,R,H
HG01412,R,A,A,H,A,R,H,H,H,H
HG01413,H,H,R,H,H,H,H,H,R,A
HG01414,R,H,R,H,R,H,H,R,R,A
HG01431,H,H,R,A,A,R,H,R,R,H
HG01432,R,A,A,A,H,H,A,R,R,A
HG01435,H,H,R,H,A,H,A,R,R,A
HG01437,H,A,A,A,H,R,R,R,H,A
HG01438,R,A,H,H,A,A,A,R,R,A
HG01440,R,H,A,R,R,R,H,R,R,A
HG01441,H,A,R,A,H,H,H,H,R,A
HG01443,R,A,R,R,A,R,H,H,R,H
HG01444,H,A,R,H,H,R,R,H,R,H
HG01447,H,A,A,A,R,R,A,R,R,A
HG01455,R,H,H,A,H,R,R,H,R,H
HG01456,H,A,H,R,R,H,A,R,R,A
HG01459,R,H,A,H,A,R,H,R,R,H
HG01461,H,H,R,R,H,H,H,R,A,H
HG01462,R,R,A,A,A,R,H,H,R,R
HG01464,R,H,R,A,H,H,A,H,R,A
HG01465,H,H,H,R,H,R,R,H,H,H
HG01468,H,R,H,H,H,H,R,A,H,A
HG01474,H,H,R,R,H,R,H,H,H,H
HG01479,H,A,R,H,H,H,H,R,R,H
HG01485,H,A,R,H,H,R,H,R,R,H
HG01486,H,H,H,A,H,R,A,H,R,A
HG01488,H,A,R,H,H,R,A,H,R,A
HG01489,H,R,H,A,A,R,R,H,R,H
HG01491,R,H,R,H,H,R,A,H,H,A
HG01492,H,A,A,H,R,R,H,R,R,A
HG01494,H,A,H,H,H,H,H,R,H,A
HG01495,A,H,H,A,H,H,A,H,R,A
HG01497,H,A,H,R,H,R,A,R,R,A
HG01498,H,H,R,H,A,R,A,H,R,R
HG01500,H,A,R,A,A,R,H,H,R,H
HG01501,R,A,R,H,A,H,H,A,H,A
HG01503,H,R,R,R,H,R,R,H,H,R
HG01504,A,H,R,R,H,H,R,R,R,A
HG01506,R,A,A,H,H,H,A,H,R,A
HG01507,R,H,R,H,H,H,H,H,R,H
HG01509,H,A,H,A,H,H,H,R,R,H
HG01510,H,H,R,A,A,R,H,R,R,A
HG01512,H,H,H,H,H,R,H,H,R,A
HG01513,R,A,H,A,H,H,H,R,R,H
HG01515,A,H,R,A,A,R,H,R,R,H
HG01516,H,A,H,H,A,H,H,A,R,A
HG01518,H,A,H,H,H,H,R,H,R,A
HG01519,R,A,R,R,A,R,H,A,R,H
HG01521,H,A,R,R,A,H,H,A,H,R
HG01522,H,A,A,H,A,R,R,H,R,H
HG01524,H,A,R,A,A,R,H,R,R,H
HG01525,H,H,H,H,H,R,H,H,R,A
HG01527,H,R,H,H,H,R,H,R,R,A
HG01528,R,A,R,A,H,H,H,H,H,A
HG01530,H,A,R,R,R,R,H,R,R,H
HG01531,R,A,H,H,A,H,H,R,R,A
HG01536,H,H,H,R,H,R,R,H,R,H
HG01537,H,H,R,A,A,H,H,H,H,A
HG01550,H,H,A,A,A,H,A,H,R,A
HG01551,R,A,H,A,H,A,H,R,R,H
HG01556,H,H,R,R,H,A,H,H,H,H
HG01565,R,H,H,A,H,H,H,R,R,H
HG01566,H,H,R,R,H,H,R,A,H,A
HG01571,A,H,R,H,H,R,R,H,R,A
HG01572,H,A,H,R,R,R,R,R,R,H
HG01577,R,A,H,A,A,R,R,R,R,R
HG01578,H,A,H,R,R,R,A,A,R,A
HG01583,H,R,R,H,H,H,R,R,R,A
HG01586,R,A,H,H,R,R,R,R,A,H
HG01589,A,H,R,R,R,H,H,H,H,R
HG01593,A,R,H,H,R,R,A,R,H,H
HG01595,H,A,R,R,R,R,H,H,H,R
HG01596,R,A,R,A,R,H,H,R,H,R
HG01597,H,H,R,A,R,H,A,H,H,R
HG01598,H,A,R,R,H,R,A,R,R,H
HG01599,R,H,R,A,H,R,A,R,R,R
HG01600,H,A,H,A,H,H,A,R,R,H
HG01602,H,H,R,H,A,H,H,H,R,A
HG01603,R,A,R,R,H,R,R,R,R,H
HG01605,H,A,R,H,H,H,H,H,H,H
HG01606,H,A,H,H,A,R,A,R,R,A
HG01607,H,A,R,A,A,R,R,R,H,H
HG01608,H,A,R,H,H,A,H,R,R,A
HG01610,R,A,H,H,A,H,A,H,R,H
HG01612,R,A,R,A,H,H,R,H,H,R
HG01613,R,A,R,H,H,H,A,R,R,H
HG01615,R,A,R,A,H,H,H,R,R,A
HG01617,A,A,R,H,R,R,R,R,H,A
HG01618,H,A,R,H,A,H,H,R,R,H
HG01619,H,A,H,A,A,R,A,R,R,A
HG01620,R,H,R,A,R,R,R,R,R,H
HG01623,H,A,R,A,A,R,R,R,R,H
HG01624,H,A,R,A,A,H,R,H,R,H
HG01625,H,A,R,R,A,A,H,R,R,A
HG01626,R,A,A,H,H,H,H,H,R,H
HG01628,H,A,R,A,A,H,H,H,H,R
HG01630,R,H,R,H,H,R,R,H,R,H
HG01631,A,A,H,H,H,R,R,R,H,H
HG01632,A,A,A,R,H,H,H,A,R,A
HG01668,R,A,H,H,H,A,H,R,R,H
HG01669,R,A,R,A,A,H,A,R,R,H
HG01670,R,A,R,A,A,H,R,A,R,R
HG01672,A,A,H,A,A,R,H,R,R,A
HG01673,H,A,R,A,A,H,R,H,A,H
HG01675,H,A,R,H,H,H,H,R,H,H
HG01676,H,H,R,R,A,R,R,R,R,R
HG01678,H,A,H,H,A,H,R,H,R,A
HG01679,H,A,R,H,A,R,R,R,R,H
HG01680,H,R,R,H,A,H,R,H,R,A
HG01682,H,H,R,R,H,R,H,H,R,A
HG01684,A,H,R,H,R,R,H,R,R,R
HG01685,R,A,H,H,H,R,H,R,R,A
HG01686,H,A,H,A,R,H,A,H,R,H
HG01694,H,H,R,H,H,H,R,H,R,H
HG01695,A,H,R,H,H,A,R,R,R,H
HG01697,R,R,R,H,A,H,A,R,H,H
HG01699,A,A,R,A,A,A,R,R,H,A
HG01700,R,A,R,H,A,H,H,R,R,H
HG01702,H,H,R,H,A,R,H,H,H,H
HG01704,R,A,A,H,A,R,R,R,R,H
HG01705,H,H,R,A,A,R,R,H,R,R
HG01707,H,H,R,H,H,R,R,H,H,H
HG01708,H,A,H,H,A,R,R,A,R,H
HG01709,H,A,H,R,R,H,H,R,R,A
HG01710,H,H,H,A,H,R,H,H,R,H
HG01746,R,H,R,R,A,R,A,R,R,A
HG01747,H,H,H,R,H,R,H,H,H,H
HG01756,R,A,R,H,A,R,H,H,H,A
HG01757,H,A,H,H,A,R,H,R,H,A
HG01761,H,A,H,H,A,R,R,H,H,H
HG01762,H,H,H,A,A,A,H,H,H,H
HG01765,R,A,R,R,A,R,R,R,R,A
HG01766,R,H,H,A,A,H,R,H,R,H
HG01767,H,A,R,A,A,R,H,R,R,H
HG01768,H,A,R,A,R,H,H,H,R,A
HG01770,R,A,R,H,A,R,R,R,R,H
HG01771,R,A,R,H,A,H,H,R,R,A
HG01773,A,H,H,H,H,R,H,A,R,R
HG01775,R,A,R,H,H,H,A,R,R,A
HG01776,H,A,H,H,A,R,R,H,R,H
HG01777,R,A,R,R,H,A,H,H,R,A
HG01779,H,A,H,H,A,A,R,H,R,A
HG01781,H,A,R,H,A,R,H,H,H,A
HG01783,A,H,H,H,H,H,R,R,R,R
HG01784,H,A,R,H,A,R,H,H,H,A
HG01785,H,H,H,H,A,R,A,R,R,R
HG01786,H,A,R,R,A,R,R,A,R,A
HG01789,R,A,R,R,H,H,H,R,R,R
HG01790,A,R,R,H,A,R,R,H,R,A
HG01791,R,A,H,H,H,H,H,R,R,H
HG01794,H,H,R,A,R,R,A,H,R,H
HG01795,H,H,R,H,R,A,A,H,R,A
HG01796,R,A,R,R,R,H,H,H,R,A
HG01797,A,H,R,R,R,R,H,R,R,A
HG01798,A,A,H,R,H,H,A,R,H,R
HG01799,H,A,H,A,A,R,H,R,A,A
HG01800,H,A,R,A,R,R,A,H,H,A
HG01801,R,A,R,A,H,R,A,R,R,R
HG01802,R,A,R,H,R,H,A,R,H,H
HG01804,H,H,H,H,H,H,H,R,R,R
HG01805,H,H,R,H,A,H,H,R,H,H
HG01806,H,H,R,A,H,H,A,R,R,H
HG01807,H,A,R,H,H,R,A,R,R,H
HG01808,R,H,H,R,R,A,A,R,R,A
HG01809,H,H,R,R,R,H,A,R,H,R
HG01810,H,A,R,A,H,H,H,H,A,R
HG01811,H,A,R,A,H,R,H,R,R,R
HG01812,H,H,R,A,R,H,A,H,R,A
HG01813,A,A,R,H,H,R,A,A,H,H
HG01815,H,H,R,A,H,A,A,R,R,A
HG01816,R,R,H,A,R,R,A,R,R,H
HG01817,R,H,R,A,H,R,H,R,R,H
HG01840,R,A,H,A,R,H,A,H,H,H
HG01841,R,A,H,A,R,R,A,H,R,A
HG01842,R,H,R,H,R,R,A,R,R,H
HG01843,H,A,R,A,R,R,A,R,A,A
HG01844,R,A,H,H,R,A,A,R,H,H
HG01845,H,A,H,A,R,H,A,H,R,H
HG01846,H,A,H,H,R,A,A,H,H,H
HG01847,H,A,R,H,H,R,R,H,H,R
HG01848,H,A,R,H,R,R,A,R,R,H
HG01849,A,H,R,A,H,R,H,H,R,R
HG01850,H,H,R,H,R,A,A,R,R,R
HG01851,H,H,H,A,A,R,A,R,R,H
HG01852,H,H,H,A,R,R,A,H,H,H
HG01853,H,H,H,A,H,H,H,H,R,A
HG01855,R,A,R,R,R,R,H,R,R,H
HG01857,H,A,H,R,R,H,H,R,A,A
HG01858,H,A,R,H,H,H,A,R,R,A
HG01859,H,A,R,H,R,R,A,R,R,A
HG01860,R,A,H,H,R,H,A,H,R,R
HG01861,H,A,R,R,H,A,A,R,H,R
HG01862,A,A,H,H,R,A,A,R,H,H
HG01863,H,A,H,A,H,H,A,R,R,H
HG01864,R,A,H,H,R,R,H,R,R,A
HG01865,A,H,H,A,H,A,A,R,R,H
HG01866,H,A,H,H,H,R,A,R,R,H
HG01867,H,A,R,H,A,R,A,H,R,H
HG01868,H,H,H,H,H,H,A,R,A,H
HG01869,H,A,R,H,R,H,A,H,R,H
HG01870,H,A,H,A,R,H,A,R,R,A
HG01871,H,A,R,A,R,A,A,R,H,A
HG01872,H,A,R,H,H,H,A,R,R,R
HG01873,H,H,R,H,R,R,A,R,R,H
HG01874,H,A,R,A,R,H,H,R,R,H
HG01878,H,A,H,R,H,H,A,R,R,R
HG01879,R,H,H,A,R,R,A,H,R,A
HG01880,R,A,R,H,R,R,H,R,R,R
HG01882,H,A,R,R,H,R,H,R,R,H
HG01883,R,H,R,H,H,H,R,R,H,H
HG01885,H,A,H,A,H,R,H,H,R,H
HG01886,A,H,H,H,R,R,H,R,R,H
HG01889,H,H,H,A,H,R,A,H,H,H
HG01890,H,H,R,A,R,H,H,R,H,H
HG01892,H,A,R,A,R,H,H,R,R,H
HG01893,R,H,R,R,R,H,A,H,R,A
HG01894,R,H,H,R,R,H,A,R,H,H
HG01896,H,A,H,A,R,R,H,A,H,A
HG01912,R,A,H,H,H,R,H,H,R,H
HG01914,R,H,R,A,A,R,A,R,R,A
HG01915,R,H,H,A,R,H,A,H,R,H
HG01917,H,A,H,A,H,H,H,R,H,H
HG01918,H,H,H,R,R,R,R,H,R,H
HG01920,H,A,R,H,H,R,A,R,H,H
HG01921,R,A,H,H,R,R,H,H,R,H
HG01923,R,H,H,H,H,A,H,R,R,A
HG01924,A,H,R,H,R,H,A,H,R,H
HG01926,R,A,R,R,R,R,H,R,H,H
HG01927,H,A,A,A,R,A,A,R,R,H
HG01932,H,A,R,H,H,H,H,A,R,A
HG01933,R,A,A,H,R,R,A,H,R,H
HG01935,H,H,H,R,R,R,H,R,R,A
HG01936,R,A,R,R,H,H,H,R,H,H
HG01938,R,H,H,H,R,R,A,H,R,H
HG01939,R,A,A,H,R,R,A,A,R,A
HG01941,R,A,H,A,H,H,H,H,H,A
HG01942,R,A,H,H,H,R,H,H,R,H
HG01944,R,A,H,H,R,H,A,R,H,R
HG01945,H,A,H,A,A,H,A,R,R,H
HG01947,H,H,R,H,R,H,A,R,R,H
HG01948,R,A,H,A,A,H,A,R,R,H
HG01950,R,A,H,H,H,H,H,R,R,H
HG01951,R,H,H,H,R,R,A,R,H,A
HG01953,H,H,H,A,R,H,A,R,R,A
HG01954,H,A,R,A,R,A,A,H,R,H
HG01956,H,A,R,A,R,H,H,R,H,A
HG01958,R,A,R,A,H,R,H,R,R,A
HG01961,R,A,H,H,H,R,H,R,R,R
HG01965,H,H,H,H,H,H,R,H,R,A
HG01967,R,A,H,H,H,R,R,H,H,H
HG01968,A,H,A,A,H,R,A,R,R,H
HG01970,R,A,H,H,R,R,H,R,R,A
HG01971,H,H,A,H,R,H,A,H,R,A
HG01973,A,H,R,H,R,H,A,R,R,H
HG01974,R,A,H,A,R,H,A,A,R,A
HG01976,R,H,H,H,H,H,H,R,R,H
HG01977,R,A,A,H,H,R,H,H,R,A
HG01979,H,H,R,H,H,H,A,H,R,H
HG01980,R,A,H,R,R,H,A,R,R,R
HG01982,A,H,R,R,A,R,H,H,R,A
HG01985,A,A,H,R,R,A,H,R,R,R
HG01986,H,H,H,H,H,R,A,H,H,A
HG01988,R,A,H,R,H,H,A,R,R,R
HG01989,H,A,R,A,A,R,H,H,H,A
HG01990,H,A,R,R,H,H,H,H,R,H
HG01991,H,A,R,A,R,R,A,H,R,H
HG01992,R,A,A,R,H,R,H,H,H,A
HG01997,H,H,H,H,R,H,A,H,R,H
HG02002,A,A,R,H,R,R,R,A,H,A
HG02003,A,H,H,H,R,H,A,R,R,A
HG02006,R,H,H,A,R,R,H,R,R,A
HG02008,A,A,H,R,H,H,H,R,R,A
HG02009,R,H,R,H,H,H,H,R,R,H
HG02010,R,A,R,A,H,R,R,R,H,H
HG02012,R,R,H,A,A,H,H,R,R,H
HG02013,R,A,R,H,R,R,H,H,H,A
HG02014,R,A,R,H,R,H,H,R,R,H
HG02016,R,A,R,A,R,H,A,R,H,A
HG02017,H,H,R,H,R,H,H,H,R,H
HG02019,H,A,R,A,H,R,A,R,R,H
HG02020,H,A,R,H,H,H,H,H,R,H
HG02023,H,A,R,A,H,R,H,H,H,H
HG02025,R,H,R,R,R,H,A,H,A,H
HG02026,A,A,R,H,H,R,A,R,H,R
HG02028,H,A,H,H,R,H,A,R,A,H
HG02029,A,H,R,A,H,R,A,R,H,A
HG02031,H,H,H,H,R,R,A,R,R,H
HG02032,R,H,H,H,R,H,H,R,H,H
HG02035,R,A,R,H,R,H,A,H,R,R
HG02040,R,H,R,R,R,R,A,R,R,H
HG02047,H,A,H,A,R,H,A,R,R,A
HG02048,R,H,R,R,R,R,A,H,H,A
HG02049,A,A,R,H,R,R,H,R,R,H
HG02050,H,H,R,H,A,H,A,R,R,H
HG02051,R,A,R,R,H,A,H,R,R,R
HG02052,R,A,R,A,H,R,A,H,R,H
HG02053,A,H,H,R,R,H,H,R,R,A
HG02054,R,A,H,A,R,H,H,R,H,R
HG02057,R,H,H,A,R,A,A,H,R,H
HG02058,H,A,R,A,H,H,A,R,H,H
HG02060,A,A,R,A,A,R,A,R,R,A
HG02061,H,H,R,A,R,H,A,R,R,A
HG02064,A,A,R,H,H,A,A,R,R,R
HG02067,R,A,H,H,A,H,A,H,R,A
HG02069,H,H,R,R,H,H,A,R,R,H
HG02070,R,H,R,A,R,A,A,R,R,R
HG02072,H,H,R,H,R,H,A,R,R,A
HG02073,H,H,H,A,R,R,A,R,R,H
HG02075,R,A,R,H,H,H,H,R,R,H
HG02076,H,H,R,A,R,R,A,R,H,A
HG02078,H,H,H,A,R,R,H,R,R,A
HG02079,H,H,R,H,R,R,A,R,H,R
HG02081,H,A,R,R,H,H,A,R,R,A
HG02082,H,A,R,H,R,H,R,R,R,A
HG02084,H,H,R,A,H,R,R,R,H,H
HG02085,H,A,H,A,A,H,A,R,H,H
HG02086,H,A,H,R,A,H,A,H,H,H
HG02087,A,A,R,H,R,R,A,H,R,H
HG02088,R,A,H,H,R,H,A,R,H,H
HG02089,R,A,R,R,H,H,R,A,H,A
HG02090,H,R,R,H,R,A,H,R,R,H
HG02095,R,H,R,H,H,H,H,R,H,R
HG02102,A,A,H,H,H,R,H,R,H,H
HG02104,R,A,R,H,H,H,A,R,R,A
HG02105,H,A,H,A,R,H,H,R,R,H
HG02107,H,H,A,H,R,A,R,H,H,R
HG02108,H,A,R,H,A,R,H,A,H,H
HG02111,R,A,R,A,H,H,A,H,R,H
HG02113,R,H,R,H,R,R,H,H,H,H
HG02116,H,A,R,A,H,R,H,R,H,H
HG02121,H,A,R,H,R,H,A,R,R,H
HG02122,R,H,R,H,H,A,H,H,H,H
HG02127,R,H,R,R,R,H,A,R,H,H
HG02128,H,H,R,H,H,R,H,R,R,H
HG02130,H,A,R,H,A,A,A,R,R,R
HG02131,A,A,R,H,R,R,H,R,R,H
HG02133,H,R,R,A,H,R,A,R,R,H
HG02134,H,H,R,H,R,R,R,H,H,R
HG02136,R,A,H,H,H,R,A,R,R,R
HG02137,R,A,R,A,H,H,H,R,H,H
HG02138,R,A,H,H,R,H,A,R,H,H
HG02139,H,A,H,A,R,R,A,R,R,A
HG02140,H,A,H,H,R,H,A,R,R,H
HG02141,R,A,R,A,H,R,R,R,R,H
HG02142,R,A,R,H,H,H,H,H,H,A
HG02143,R,A,R,A,H,R,H,R,A,A
HG02144,R,A,H,A,A,H,A,R,R,R
HG02146,A,H,H,A,R,R,A,R,R,A
HG02147,H,H,H,H,R,H,A,H,R,A
HG02150,A,H,H,A,H,R,A,A,H,H
HG02151,R,A,R,H,R,A,A,R,R,R
HG02152,H,H,R,H,A,R,H,H,R,H
HG02153,H,A,R,H,R,H,H,H,H,R
HG02154,H,A,H,H,R,A,A,R,R,R
HG02155,A,H,R,R,R,H,H,R,H,R
HG02156,R,A,R,H,H,R,H,A,R,H
HG02164,H,A,H,H,H,H,H,R,H,H
HG02165,H,A,H,A,R,R,A,R,R,H
HG02166,H,A,H,A,R,R,H,R,R,A
HG02178,R,A,R,H,H,R,A,R,H,H
HG02179,A,H,R,A,H,A,A,R,H,R
HG02180,R,A,R,H,H,H,H,R,R,R
HG02181,H,A,R,R,R,H,A,R,R,H
HG02182,R,H,R,R,R,H,A,H,R,A
HG02184,R,A,R,A,H,H,A,R,R,H
HG02185,H,R,R,H,H,A,A,R,R,H
HG02186,H,A,R,A,R,H,A,H,R,H
HG02187,R,A,H,A,R,R,H,H,R,H
HG02188,R,A,R,H,H,H,A,R,R,H
HG02190,H,A,R,H,R,A,H,R,H,H
HG02215,H,H,A,H,H,H,A,H,R,R
HG02219,H,R,H,A,A,R,H,R,R,R
HG02220,H,H,H,A,A,R,R,R,R,A
HG02221,H,H,H,H,H,R,H,A,R,H
HG02223,R,A,R,H,H,R,R,H,R,R
HG02224,H,A,H,A,A,H,R,R,H,H
HG02230,A,H,R,R,H,A,R,H,R,R
HG02231,R,A,H,H,H,H,H,H,R,R
HG02232,R,H,H,R,A,H,H,H,R,A
HG02233,H,A,A,R,R,H,R,R,H,H
HG02235,R,A,R,H,H,H,H,H,H,H
HG02236,R,A,R,A,H,R,H,R,R,A
HG02238,R,A,H,R,A,H,H,R,R,H
HG02239,R,A,R,A,H,H,H,R,R,A
HG02250,A,H,R,A,R,R,A,H,R,H
HG02252,H,H,H,H,H,H,H,R,R,A
HG02253,R,A,H,H,A,H,H,H,H,H
HG02255,H,R,R,R,H,R,A,R,R,H
HG02256,R,A,H,A,H,R,A,R,R,A
HG02259,H,H,H,H,H,H,A,H,R,H
HG02260,H,H,R,A,H,H,A,R,R,A
HG02262,R,A,R,H,H,R,A,R,R,H
HG02265,R,A,R,R,A,R,A,A,R,R
HG02266,R,A,H,H,R,H,H,H,R,A
HG02271,A,R,R,H,H,R,R,A,R,A
HG02272,H,A,A,H,H,A,A,R,R,R
HG02274,H,A,R,H,R,A,A,H,H,A
HG02275,A,H,R,A,H,H,A,H,R,A
HG02277,R,A,H,H,H,H,H,R,R,H
HG02278,H,A,R,A,A,H,A,R,R,A
HG02281,H,H,H,R,R,A,A,H,H,A
HG02282,H,A,H,H,H,R,A,H,H,A
HG02283,H,A,H,R,A,R,H,R,R,A
HG02284,R,A,R,A,H,R,H,A,R,A
HG02285,H,R,R,R,R,R,H,A,R,H
HG02286,H,A,H,H,H,H,A,H,R,A
HG02291,H,H,H,R,R,A,A,H,R,A
HG02292,H,A,H,A,H,R,R,H,R,A
HG02298,A,A,H,H,H,R,A,R,R,H
HG02299,A,H,H,H,H,R,H,R,R,A
HG02301,H,A,H,R,R,R,H,R,R,A
HG02304,H,A,R,A,R,R,A,H,R,H
HG02307,H,A,A,H,H,H,A,R,R,H
HG02308,H,A,H,H,H,R,A,R,R,H
HG02309,R,A,R,H,A,H,A,H,R,A
HG02312,H,A,R,H,A,R,H,H,R,H
HG02314,H,H,H,H,A,H,A,R,R,A
HG02315,H,H,R,R,H,H,A,R,R,A
HG02317,H,H,H,R,R,A,R,R,A,H
HG02318,H,A,R,A,H,R,A,R,R,H
HG02322,H,H,A,A,R,R,H,H,H,R
HG02323,R,A,R,A,H,H,A,R,R,R
HG02325,A,H,H,H,H,A,A,H,R,H
HG02330,A,A,R,H,A,R,A,R,H,A
HG02332,R,A,R,H,R,H,A,A,R,H
HG02334,H,A,H,A,R,H,H,R,R,A
HG02337,A,R,R,A,A,H,A,R,R,A
HG02339,R,H,R,A,A,A,A,A,H,A
HG02343,H,A,R,H,R,H,H,R,H,H
HG02345,H,A,R,H,H,R,A,H,R,A
HG02348,A,R,H,R,A,R,A,R,R,A
HG02351,H,H,R,H,R,A,A,R,H,R
HG02353,H,H,R,H,A,H,A,R,R,A
HG02355,H,A,R,A,R,H,H,R,R,H
HG02356,R,H,R,H,R,H,A,H,R,A
HG02360,H,H,R,A,R,R,R,R,R,A
HG02364,H,H,R,H,A,R,H,H,H,A
HG02367,R,H,R,R,R,R,H,R,H,H
HG02371,H,H,R,H,R,H,A,H,H,R
HG02373,H,A,R,R,H,R,A,R,R,A
HG02374,R,A,R,A,H,R,A,R,R,R
HG02375,A,A,R,R,R,R,A,R,R,A
HG02379,H,A,R,A,H,H,A,R,R,A
HG02380,H,A,R,H,R,R,A,H,R,H
HG02382,A,H,H,A,R,A,R,H,H,H
HG02383,H,A,R,A,R,R,H,H,H,H
HG02384,A,A,R,H,R,R,A,R,R,A
HG02385,H,H,R,A,H,R,A,R,R,A
HG02386,H,A,H,H,H,H,A,R,R,R
HG02389,R,H,R,H,R,R,A,R,R,R
HG02390,A,H,R,A,R,H,A,R,R,H
HG02391,H,A,R,A,R,R,A,R,R,H
HG02392,H,A,R,H,R,H,H,R,A,A
HG02394,R,A,R,A,R,A,A,R,R,H
HG02395,A,A,R,H,R,A,A,R,R,R
HG02396,R,A,H,H,H,H,A,H,A,A
HG02397,H,H,R,A,R,R,A,R,R,R
HG02398,H,H,H,R,R,R,A,H,A,H
HG02399,H,H,R,H,H,H,A,R,R,R
HG02401,H,A,R,A,R,H,H,R,R,A
HG02402,H,R,R,H,R,H,A,R,R,A
HG02406,A,H,R,H,R,H,H,R,R,H
HG02407,H,A,R,H,R,H,A,H,R,A
HG02408,H,H,R,H,R,H,A,R,R,A
HG02409,H,H,R,A,H,H,A,R,H,R
HG02410,H,A,H,H,H,R,H,R,R,H
HG02419,A,H,R,H,A,R,A,H,H,A
HG02420,R,A,R,H,H,H,H,H,R,A
HG02425,R,A,A,A,R,H,A,H,R,H
HG02427,R,A,R,R,H,H,R,R,H,H
HG02429,H,R,H,H,H,R,H,R,R,A
HG02433,H,H,R,H,H,H,A,H,R,A
HG02439,H,H,R,H,H,H,H,R,R,H
HG02442,H,H,R,A,R,R,A,R,R,H
HG02445,R,A,R,A,R,R,H,H,H,H
HG02449,H,R,H,H,H,H,A,R,H,H
HG02450,A,A,R,R,A,R,H,R,H,A
HG02455,H,A,H,H,R,R,H,R,R,H
HG02461,R,H,R,R,H,H,H,R,H,H
HG02462,A,A,H,R,H,H,R,R,R,A
HG02464,A,A,H,R,A,H,H,R,H,H
HG02465,R,A,R,R,H,H,A,R,R,A
HG02470,H,A,R,A,H,H,H,R,R,A
HG02471,H,H,H,A,R,R,H,R,A,R
HG02476,R,A,R,R,H,H,H,H,R,R
HG02477,R,A,H,R,R,H,A,R,R,H
HG02479,H,R,H,H,H,R,H,R,R,A
HG02481,H,H,H,H,H,H,R,R,H,H
HG02484,A,H,H,H,R,R,A,H,R,H
HG02485,H,H,H,H,A,R,H,R,R,H
HG02489,R,A,H,A,R,R,H,R,R,H
HG02490,A,A,H,A,H,A,H,R,H,A
HG02491,R,A,H,A,A,R,H,R,R,A
HG02493,R,R,A,A,R,R,A,H,R,A
HG02494,H,R,H,H,H,R,R,H,R,H
HG02496,H,R,H,A,H,R,A,R,R,H
HG02497,A,R,R,R,H,A,A,R,R,A
HG02501,A,A,A,H,H,H,H,R,R,A
HG02502,R,A,R,H,A,H,R,H,R,H
HG02505,H,A,R,H,H,H,A,R,A,R
HG02508,A,H,A,H,R,H,A,R,R,H
HG02511,R,A,R,R,A,H,H,H,R,R
HG02512,H,A,H,H,H,H,H,R,R,H
HG02513,H,A,R,A,H,R,H,R,H,H
HG02521,H,A,R,H,R,R,A,R,R,A
HG02522,H,H,R,H,H,H,A,H,H,R
HG02536,H,H,R,R,R,R,R,R,R,R
HG02537,R,H,R,A,H,A,R,H,H,A
HG02541,H,H,H,A,R,R,H,H,R,R
HG02545,H,R,H,H,H,A,H,H,R,A
HG02546,H,R,H,A,R,H,H,H,R,R
HG02549,H,H,H,H,H,R,A,R,R,H
HG02554,H,A,R,R,R,A,H,R,R,R
HG02555,H,A,R,H,H,H,H,R,H,H
HG02557,R,A,R,A,R,R,A,R,R,H
HG02558,A,A,R,H,A,H,A,H,R,A
HG02561,R,H,R,A,H,H,H,R,R,H
HG02562,R,H,R,H,R,R,H,R,H,H
HG02568,H,H,H,H,R,A,A,R,R,H
HG02570,A,H,H,H,R,H,H,R,H,H
HG02571,H,H,H,R,R,R,H,R,R,R
HG02573,H,A,R,H,R,H,A,R,H,A
HG02574,R,R,R,H,A,R,H,H,R,H
HG02577,R,H,R,A,H,R,R,R,H,A
HG02580,H,A,H,A,H,H,R,R,R,H
HG02582,H,A,R,A,A,H,H,R,H,H
HG02583,H,H,R,H,R,H,H,H,R,R
HG02585,H,A,H,H,H,H,H,H,H,A
HG02586,R,H,H,A,H,A,A,A,H,H
HG02588,A,H,R,A,H,H,H,R,H,H
HG02589,H,A,R,H,H,R,R,H,R,H
HG02594,R,R,H,A,A,R,R,R,R,H
HG02595,H,H,H,A,A,H,R,R,H,A
HG02597,H,H,R,A,R,R,A,H,R,A
HG02600,H,A,H,H,H,H,R,H,R,H
HG02601,H,H,H,H,A,H,H,R,R,H
HG02603,H,H,H,H,R,R,H,H,R,R
HG02604,A,H,R,R,A,R,H,R,H,R
HG02610,R,A,H,H,R,R,H,H,H,H
HG02611,R,A,R,R,H,H,A,R,H,H
HG02613,H,A,R,R,H,A,A,H,H,R
HG02614,A,A,R,H,R,R,H,H,R,H
HG02620,R,R,H,A,A,R,A,R,R,H
HG02621,H,R,R,R,H,H,H,R,R,A
HG02623,H,H,A,H,H,H,A,H,H,H
HG02624,R,A,R,H,R,R,H,H,R,H
HG02628,R,A,H,A,R,H,H,H,A,H
HG02629,H,R,H,A,H,H,H,R,H,A
HG02634,H,A,H,H,A,R,H,R,H,H
HG02635,H,A,R,A,A,H,A,R,H,R
HG02642,R,A,R,H,R,H,H,R,H,H
HG02643,R,A,R,A,H,H,H,H,R,A
HG02645,R,A,R,A,H,R,H,H,H,A
HG02646,H,H,H,R,H,A,H,R,H,H
HG02648,H,A,H,R,A,H,H,R,R,H
HG02649,H,A,R,H,R,R,A,H,H,H
HG02651,R,A,H,R,A,R,H,A,H,A
HG02652,H,H,H,H,H,R,A,R,R,H
HG02654,R,A,H,R,H,R,H,R,H,H
HG02655,R,H,H,H,A,H,A,R,A,A
HG02657,R,A,R,H,R,H,A,R,R,A
HG02658,H,A,R,H,H,H,H,R,H,A
HG02660,H,H,H,A,H,A,R,H,R,A
HG02661,H,A,H,A,H,H,A,H,R,H
HG02666,H,H,R,R,R,H,H,R,R,R
HG02667,H,A,R,H,H,H,A,H,R,H
HG02675,H,A,R,A,H,H,A,H,R,H
HG02676,R,H,R,A,A,H,A,R,H,A
HG02678,A,A,R,H,A,R,A,H,R,A
HG02679,H,A,H,A,H,H,A,R,H,H
HG02681,A,R,R,R,A,H,R,R,R,A
HG02682,R,R,R,H,H,H,R,R,R,H
HG02684,R,A,A,R,A,R,R,R,R,H
HG02685,A,A,H,A,A,H,H,R,R,H
HG02687,H,H,R,A,R,H,A,R,R,H
HG02688,H,A,R,H,H,R,H,H,H,H
HG02690,R,H,H,H,A,R,A,R,R,H
HG02691,R,A,R,R,R,R,A,R,R,R
HG02694,R,A,R,R,R,H,A,R,R,H
HG02696,A,A,A,H,A,R,R,R,A,A
HG02697,R,A,H,A,A,R,H,R,R,A
HG02699,R,A,A,A,R,A,R,R,R,A
HG02700,H,H,H,H,R,R,H,H,H,H
HG02702,H,A,R,H,R,H,A,R,H,A
HG02703,H,H,R,A,H,R,R,R,H,R
HG02715,H,A,H,H,H,R,A,R,H,R
HG02716,H,H,R,A,H,R,A,R,R,H
HG02721,A,H,H,A,H,H,A,H,R,A
HG02722,H,H,R,R,R,H,A,R,H,A
HG02724,A,A,H,H,H,H,H,H,R,A
HG02725,A,R,H,H,A,H,R,A,H,A
HG02727,R,A,R,A,R,R,H,H,H,A
HG02728,H,A,R,A,H,A,R,R,R,A
HG02731,R,H,H,A,H,R,R,R,H,H
HG02733,H,H,R,H,H,R,H,H,R,H
HG02734,R,H,H,R,H,R,R,R,R,H
HG02736,H,H,R,A,H,H,H,R,H,H
HG02737,R,A,H,R,R,H,H,R,R,H
HG02756,R,H,R,A,H,R,H,H,H,H
HG02757,R,H,R,H,R,H,A,R,A,H
HG02759,R,A,R,H,H,R,A,H,R,A
HG02760,H,A,R,A,H,H,H,H,R,A
HG02763,H,H,R,A,H,R,H,H,H,A
HG02768,H,A,R,R,R,H,A,R,H,R
HG02769,H,A,H,A,R,R,H,R,R,R
HG02771,A,A,R,R,A,R,H,A,H,H
HG02772,R,A,H,A,H,H,A,R,R,H
HG02774,R,A,H,H,H,R,H,H,H,A
HG02775,H,A,H,H,H,R,R,R,H,H
HG02778,R,A,H,R,A,H,H,R,H,A
HG02780,A,H,H,H,H,H,R,A,R,A
HG02783,R,H,H,A,R,A,H,R,H,H
HG02784,H,H,R,R,A,R,A,H,R,A
HG02786,R,A,R,R,A,R,H,R,H,A
HG02787,H,A,H,A,R,R,H,R,R,A
HG02789,H,A,H,H,H,H,H,R,R,H
HG02790,H,A,H,H,A,R,A,A,H,A
HG02792,A,H,R,H,R,R,H,R,R,H
HG02793,A,A,A,H,A,R,R,R,R,H
HG02798,A,H,R,H,R,R,A,R,H,A
HG02799,A,A,H,H,H,H,H,R,H,A
HG02804,H,A,A,R,R,H,H,H,R,H
HG02805,R,R,R,H,H,R,A,R,H,H
HG02807,A,H,R,H,R,R,A,R,H,H
HG02808,R,A,H,R,R,H,H,R,A,A
HG02810,R,A,H,R,H,R,H,R,H,A
HG02811,H,H,H,H,H,H,A,R,H,R
HG02813,H,H,R,R,R,R,A,R,R,H
HG02814,H,A,R,R,H,H,A,H,R,R
HG02816,H,A,H,A,R,H,A,R,R,H
HG02817,H,A,R,A,A,A,A,R,H,R
HG02819,R,H,R,R,R,H,A,R,R,H
HG02820,R,A,R,A,H,H,A,R,H,H
HG02836,H,H,H,A,R,R,H,R,R,H
HG02837,H,A,H,H,R,H,H,R,H,A
HG02839,R,H,H,H,A,A,A,R,H,H
HG02840,H,A,H,A,R,A,R,R,H,A
HG02851,H,A,H,R,H,H,A,A,R,H
HG02852,H,R,R,A,A,R,A,R,R,H
HG02854,H,A,H,A,H,R,A,R,H,A
HG02855,H,H,R,H,R,R,H,R,H,H
HG02860,R,A,H,R,A,H,H,H,R,H
HG02861,H,A,H,A,A,H,A,R,H,A
HG02870,H,A,R,A,R,H,A,H,R,A
HG02878,A,A,H,H,A,R,H,H,R,R
HG02879,R,A,H,H,A,H,A,R,H,A
HG02881,H,A,H,H,R,R,H,R,R,H
HG02882,H,H,A,R,A,H,H,R,R,A
HG02884,H,H,H,H,R,R,A,R,R,H
HG02885,H,A,R,A,R,R,H,R,R,A
HG02887,H,H,R,A,H,H,A,R,H,A
HG02888,R,A,A,H,H,H,H,R,A,A
HG02890,H,A,R,H,R,H,A,R,R,H
HG02891,H,A,A,H,R,R,A,R,H,A
HG02895,R,A,H,A,H,H,A,R,R,A
HG02896,A,H,H,R,H,H,A,H,R,H
HG02922,R,A,R,R,R,H,H,R,R,H
HG02923,R,A,R,R,H,H,A,R,H,A
HG02938,H,A,H,A,R,H,H,R,H,A
HG02941,R,A,R,H,H,R,A,R,R,H
HG02943,R,A,R,A,H,R,A,H,H,H
HG02944,H,H,R,A,A,R,H,R,A,H
HG02946,H,R,R,H,H,R,A,H,H,H
HG02947,R,A,R,A,A,H,H,H,H,A
HG02952,R,H,R,H,R,R,A,H,R,R
HG02953,R,A,H,A,R,R,R,R,H,A
HG02968,R,H,R,A,R,A,H,R,R,H
HG02970,H,H,A,H,H,H,H,R,R,A
HG02971,A,A,R,A,R,R,A,R,H,H
HG02973,H,H,A,A,R,H,H,R,R,A
HG02974,R,R,H,H,H,R,H,R,R,A
HG02976,R,A,R,R,H,H,R,R,H,H
HG02977,H,A,R,A,H,R,A,H,R,H
HG02979,A,A,A,H,A,H,H,A,H,R
HG02981,H,H,H,H,A,R,H,R,R,H
HG02982,A,A,R,H,R,H,R,R,H,H
HG02983,R,A,H,H,A,R,H,R,H,H
HG03006,R,A,H,A,H,R,H,R,H,A
HG03007,H,A,R,A,H,R,A,R,H,A
HG03009,R,A,R,R,H,H,H,R,H,H
HG03012,R,A,R,A,H,H,A,H,H,R
HG03015,R,A,H,R,A,H,H,R,H,R
HG03016,H,A,R,H,H,R,R,R,R,A
HG03018,H,H,A,A,H,R,H,H,R,A
HG03019,H,A,H,H,H,R,H,A,H,A
HG03021,A,A,A,H,A,R,R,R,R,A
HG03022,A,H,A,H,H,R,H,H,A,A
HG03024,H,A,H,H,H,R,A,R,H,R
HG03025,H,H,H,H,H,H,H,R,H,R
HG03027,R,A,R,A,H,A,H,R,R,H
HG03028,A,H,R,A,H,A,H,R,H,H
HG03039,R,H,A,H,H,H,H,R,R,H
HG03040,R,R,H,H,H,H,A,H,H,H
HG03045,A,R,R,R,R,H,H,R,A,A
HG03046,A,H,R,H,H,H,H,R,A,A
HG03048,R,A,R,R,H,H,A,R,R,R
HG03049,A,R,R,H,R,R,A,H,R,A
HG03052,R,A,R,H,H,R,A,R,A,H
HG03054,H,H,R,A,H,R,A,R,H,R
HG03055,A,A,R,H,H,R,A,R,R,R
HG03057,R,H,R,R,A,R,A,R,H,A
HG03058,H,H,R,H,A,H,A,R,A,H
HG03060,H,A,H,A,H,H,A,R,R,H
HG03061,R,A,R,A,R,R,A,R,R,R
HG03063,R,A,R,H,H,H,A,R,A,H
HG03064,H,A,R,H,R,H,H,R,R,H
HG03066,R,A,R,H,R,R,A,R,R,H
HG03069,A,A,R,H,H,R,A,R,H,A
HG03072,H,H,A,A,H,R,A,H,H,H
HG03073,R,A,H,R,H,H,A,H,R,H
HG03074,R,H,H,R,H,R,A,R,R,H
HG03077,R,A,H,H,H,R,H,H,R,A
HG03078,H,R,H,H,R,H,A,R,H,H
HG03079,R,A,R,R,A,A,A,R,H,H
HG03081,H,A,H,R,H,R,A,R,R,A
HG03082,R,H,H,R,R,A,A,H,R,H
HG03084,H,A,H,A,H,R,R,H,R,H
HG03085,R,A,H,H,R,R,H,H,R,R
HG03086,R,H,H,H,R,H,H,R,R,H
HG03088,H,A,H,A,R,R,H,H,R,H
HG03091,R,A,R,R,H,R,A,R,H,H
HG03095,H,A,R,R,R,H,R,R,R,R
HG03096,R,H,R,H,R,R,A,R,R,A
HG03097,H,R,R,R,H,R,A,R,R,R
HG03099,R,A,R,H,H,R,R,R,R,R
HG03100,H,A,R,A,R,R,R,R,H,H
HG03103,R,A,H,A,A,R,H,R,R,A
HG03105,R,A,H,H,A,R,A,R,H,A
HG03108,A,H,R,A,R,A,H,R,H,H
HG03109,R,A,R,A,R,R,H,R,R,H
HG03111,H,A,R,R,A,H,A,H,A,H
HG03112,A,A,H,A,R,H,A,R,R,H
HG03114,A,H,R,A,R,H,R,R,H,H
HG03115,R,H,R,R,R,H,R,H,R,H
HG03117,H,A,R,H,R,R,H,H,H,H
HG03118,A,A,H,H,R,H,A,R,R,H
HG03120,R,H,R,H,R,R,R,H,H,H
HG03121,R,A,R,H,H,H,H,R,R,R
HG03123,R,A,H,A,H,R,A,R,H,H
HG03124,A,H,R,R,R,H,A,R,H,H
HG03126,H,H,R,A,R,H,R,A,H,H
HG03127,H,H,R,H,H,H,A,R,H,A
HG03129,R,A,R,H,R,R,A,R,R,H
HG03130,R,R,H,A,A,R,A,R,R,H
HG03132,H,A,R,H,R,H,A,R,H,H
HG03133,R,A,R,A,R,R,A,H,R,A
HG03135,R,H,H,A,H,R,H,H,A,R
HG03136,R,A,H,H,R,R,A,A,R,H
HG03139,H,A,H,H,H,H,H,H,H,R
HG03157,H,H,R,A,H,R,A,R,R,H
HG03159,R,H,H,R,R,R,A,R,R,H
HG03160,R,A,R,H,A,A,A,H,H,H
HG03162,H,H,R,A,R,H,H,R,H,R
HG03163,H,A,H,A,H,H,H,H,R,R
HG03166,R,A,R,H,R,H,H,R,H,H
HG03168,R,H,H,H,R,H,H,R,H,H
HG03169,H,A,H,R,H,R,A,H,A,H
HG03172,R,A,H,A,A,H,H,H,R,H
HG03175,A,H,H,H,R,R,A,R,R,A
HG03189,H,A,R,H,A,R,H,A,H,R
HG03190,H,H,R,A,R,R,A,R,R,A
HG03193,R,H,H,H,R,R,A,R,R,R
HG03195,H,A,R,H,R,A,H,H,H,H
HG03196,R,H,A,A,H,H,H,R,R,H
HG03198,H,A,R,A,R,H,R,H,R,R
HG03199,H,A,R,A,R,R,A,H,R,H
HG03202,R,A,H,H,A,H,A,R,H,A
HG03209,R,A,R,H,R,H,A,H,R,R
HG03212,R,H,R,H,H,R,H,H,R,A
HG03224,A,H,H,A,R,H,H,H,R,H
HG03225,H,H,R,R,H,H,H,R,H,H
HG03228,H,A,A,H,H,R,H,A,R,A
HG03229,H,H,H,H,A,R,A,A,H,A
HG03234,H,A,H,H,H,A,H,A,R,H
HG03235,H,A,H,R,A,H,A,R,R,H
HG03237,R,A,A,A,A,R,R,A,A,A
HG03238,R,H,R,R,R,R,R,R,H,A
HG03240,R,H,R,H,R,H,H,R,H,R
HG03241,R,A,R,A,H,R,H,H,R,A
HG03246,R,H,R,A,A,R,H,H,A,A
HG03247,R,A,R,A,A,A,H,R,H,A
HG03258,A,A,R,A,H,H,H,H,A,A
HG03259,R,H,H,H,R,H,R,R,H,H
HG03265,A,A,A,H,R,R,A,R,H,H
HG03267,R,H,R,R,R,H,A,R,R,H
HG03268,H,H,H,A,R,H,H,H,R,H
HG03270,R,A,H,A,H,A,H,H,H,H
HG03271,H,H,R,R,R,R,H,R,H,H
HG03279,H,R,A,H,R,R,H,A,H,A
HG03280,R,A,R,A,H,R,H,H,R,A
HG03291,H,A,A,A,A,A,H,R,R,H
HG03294,H,A,R,H,H,H,R,R,H,H
HG03295,R,A,H,H,A,R,A,R,R,H
HG03297,R,H,H,H,R,R,A,R,H,H
HG03298,H,A,H,H,R,H,H,H,H,H
HG03300,H,H,R,H,R,R,H,H,A,H
HG03301,H,A,H,H,R,R,H,H,H,H
HG03303,R,A,R,A,R,A,H,R,H,R
HG03304,R,A,H,A,H,A,A,R,R,H
HG03311,R,H,R,R,A,H,H,R,H,H
HG03313,H,A,R,R,R,H,R,H,H,H
HG03342,R,A,H,A,H,R,A,H,H,H
HG03343,H,A,H,H,H,H,H,H,R,A
HG03351,R,A,R,H,R,R,H,R,H,A
HG03352,R,A,R,H,R,H,R,H,R,A
HG03354,R,H,R,H,R,A,A,R,R,A
HG03363,R,A,H,H,A,R,A,R,R,H
HG03366,H,A,A,H,H,R,A,H,H,H
HG03367,A,H,R,A,H,R,H,R,R,A
HG03369,H,A,A,R,H,R,H,H,H,H
HG03370,A,H,R,H,R,H,H,H,H,A
HG03372,H,A,R,H,R,H,A,H,H,A
HG03376,R,H,R,A,R,A,A,H,R,H
HG03378,H,H,R,A,A,A,R,H,R,H
HG03380,R,A,H,H,A,H,A,R,H,A
HG03382,H,A,H,A,R,H,H,R,H,A
HG03385,A,A,H,H,R,H,R,R,R,R
HG03388,H,A,A,H,H,R,A,H,R,A
HG03391,H,A,R,A,R,H,A,R,H,A
HG03394,H,A,H,A,R,R,A,H,H,H
HG03397,R,A,R,A,H,A,A,R,H,H
HG03401,R,A,R,R,R,R,R,R,R,A
HG03410,H,H,H,A,A,H,R,H,H,H
HG03419,H,A,H,R,R,R,A,H,H,H
HG03428,H,A,H,H,R,R,H,H,R,A
HG03432,R,H,R,H,H,A,A,H,R,R
HG03433,H,A,A,A,A,R,A,R,R,A
HG03436,R,H,R,H,A,R,A,R,R,A
HG03437,H,A,H,R,R,H,H,H,H,H
HG03439,R,H,H,H,R,H,A,H,R,H
HG03442,R,A,H,A,A,H,H,H,H,H
HG03445,R,H,R,R,H,A,A,R,R,H
HG03446,H,A,R,A,H,R,H,H,R,H
HG03449,R,A,R,H,H,A,R,R,R,A
HG03451,R,A,R,R,R,R,H,R,R,R
HG03452,R,H,R,H,H,H,A,H,R,H
HG03455,H,A,H,H,R,R,H,H,R,H
HG03457,R,H,H,H,H,R,A,R,R,H
HG03458,H,A,R,H,H,H,A,R,H,H
HG03460,H,A,R,A,H,H,A,H,H,H
HG03461,H,A,R,H,R,R,A,R,R,H
HG03464,H,A,R,A,H,H,A,R,H,A
HG03469,H,A,H,H,H,R,H,R,H,A
HG03470,H,A,R,H,H,R,H,R,R,H
HG03472,R,A,A,A,R,H,H,R,R,R
HG03473,H,A,H,A,A,H,H,R,H,A
HG03476,R,A,R,H,R,R,H,H,R,H
HG03478,H,A,R,A,H,H,H,R,H,H
HG03479,H,A,R,H,H,A,A,R,A,R
HG03484,H,H,H,R,H,H,H,H,A,H
HG03485,R,H,H,H,R,H,A,R,R,A
HG03488,H,A,R,H,H,R,A,R,R,A
HG03490,A,A,A,H,A,R,H,R,R,A
HG03491,R,A,R,H,A,H,R,R,H,A
HG03499,H,A,R,A,R,H,H,H,A,A
HG03511,H,A,A,A,R,A,R,R,R,H
HG03514,R,A,R,H,H,H,H,H,R,H
HG03515,R,A,R,R,H,A,H,R,R,H
HG03517,H,A,H,H,A,R,A,R,R,R
HG03518,H,A,R,H,H,H,R,R,R,H
HG03520,H,H,R,H,H,H,R,R,H,R
HG03521,R,A,H,H,H,H,A,H,A,H
HG03538,R,H,R,H,R,H,A,H,R,A
HG03539,H,H,R,A,A,R,H,R,R,H
HG03547,A,H,H,A,H,R,A,R,H,A
HG03548,R,A,R,H,R,H,H,R,A,H
HG03556,A,H,H,A,R,A,H,R,H,R
HG03557,H,H,R,H,R,A,H,H,H,A
HG03558,H,H,R,R,A,R,H,R,A,A
HG03559,H,A,R,H,H,H,H,H,R,H
HG03563,H,H,H,H,H,R,H,R,A,H
HG03565,R,A,R,H,H,R,H,R,R,H
HG03567,A,A,R,H,R,H,H,R,R,A
HG03571,H,A,R,A,R,H,R,H,R,H
HG03572,R,A,H,R,R,H,A,R,H,H
HG03575,A,H,R,R,A,R,A,R,R,R
HG03577,H,A,A,A,H,H,A,R,R,H
HG03578,R,A,R,R,H,R,H,R,H,A
HG03583,R,A,H,R,A,A,H,R,R,A
HG03585,H,A,R,H,R,H,H,R,R,H
HG03589,H,H,H,R,R,R,H,H,H,H
HG03593,H,A,H,A,H,R,A,R,H,H
HG03594,H,H,R,A,R,H,H,H,R,H
HG03595,R,A,R,H,H,H,A,H,A,H
HG03598,A,H,H,R,H,H,H,R,H,H
HG03600,H,A,H,A,R,H,A,H,H,A
HG03603,R,H,R,A,H,R,R,R,R,H
HG03604,R,H,A,H,R,R,A,A,R,R
HG03607,A,H,R,H,H,A,H,R,R,A
HG03611,H,H,H,R,A,H,A,R,H,R
HG03615,R,A,R,H,R,H,A,H,R,H
HG03616,H,A,R,H,H,H,H,R,R,H
HG03619,R,A,H,H,H,R,H,R,R,A
HG03624,R,A,R,R,H,R,A,R,H,A
HG03625,H,H,H,H,A,H,H,R,H,A
HG03629,R,A,R,A,R,H,A,H,R,H
HG03631,H,A,R,H,H,H,H,H,R,H
HG03634,H,H,R,A,A,H,R,R,H,H
HG03636,R,H,R,H,R,A,H,R,R,H
HG03640,H,A,R,H,H,R,H,R,H,R
HG03642,H,H,H,A,R,H,H,H,H,R
HG03643,H,A,R,H,H,H,R,R,R,H
HG03644,A,A,R,H,R,H,A,R,H,A
HG03645,H,H,H,H,A,R,R,H,R,R
HG03646,R,H,R,A,R,H,H,R,R,H
HG03649,H,A,R,H,R,R,H,H,R,A
HG03652,R,A,R,A,A,R,H,H,H,R
HG03653,R,H,H,H,H,H,H,H,H,H
HG03660,R,A,A,H,H,H,H,R,R,A
HG03663,H,A,H,A,H,R,A,H,H,A
HG03667,R,A,H,A,H,H,H,R,H,R
HG03668,H,A,H,H,H,H,A,R,R,A
HG03672,R,A,R,A,H,R,H,H,R,H
HG03673,H,H,H,A,R,R,H,R,R,R
HG03679,R,H,H,A,R,R,A,R,A,A
HG03680,H,H,R,R,R,R,H,H,R,R
HG03681,A,H,H,A,A,H,H,R,H,H
HG03684,R,H,R,A,H,R,A,A,H,A
HG03685,R,A,R,A,R,R,H,A,R,H
HG03686,R,R,H,H,A,R,R,R,H,H
HG03687,A,A,H,R,H,R,A,R,R,A
HG03689,H,A,R,A,H,H,H,H,A,H
HG03690,R,H,R,A,H,H,H,H,H,H
HG03691,H,H,H,A,H,H,H,H,R,H
HG03692,H,A,H,R,H,R,H,H,R,H
HG03693,H,A,A,H,R,R,H,R,H,A
HG03694,H,H,H,R,R,A,H,R,R,A
HG03695,H,A,R,R,R,A,R,H,R,A
HG03696,H,H,H,A,A,H,H,H,H,H
HG03697,A,H,H,H,H,R,H,R,H,H
HG03698,R,H,R,A,R,H,H,R,H,A
HG03702,H,H,H,H,A,H,A,R,R,H
HG03703,H,A,R,A,H,H,A,R,R,A
HG03705,H,A,H,H,R,H,A,R,R,R
HG03706,H,A,H,R,H,R,H,H,H,H
HG03708,H,H,A,H,H,H,R,R,H,A
HG03709,H,H,R,H,R,H,R,R,R,H
HG03711,A,H,R,A,R,H,H,R,R,A
HG03713,R,H,H,H,R,R,A,R,H,A
HG03714,R,A,R,H,R,A,R,R,A,A
HG03716,H,A,R,H,R,A,H,H,H,A
HG03717,A,H,H,H,H,R,H,H,A,A
HG03718,H,A,R,A,H,H,A,H,R,H
HG03720,R,A,H,R,H,H,A,H,H,A
HG03722,R,A,H,A,H,H,A,H,H,H
HG03727,R,H,R,H,H,R,H,H,H,H
HG03729,R,A,H,R,A,R,H,H,H,H
HG03730,A,A,H,H,A,H,R,A,R,A
HG03731,R,R,H,H,R,H,R,R,H,A
HG03733,R,A,R,A,H,R,H,A,R,A
HG03736,R,H,A,A,H,A,H,H,R,A
HG03738,R,H,R,H,H,R,A,H,H,H
HG03740,A,A,H,R,H,R,H,H,R,H
HG03741,A,A,H,H,H,R,A,R,R,A
HG03742,A,A,A,A,R,H,R,H,H,A
HG03743,A,H,R,H,R,R,A,H,R,A
HG03744,R,H,H,H,H,A,R,H,H,H
HG03745,H,A,R,H,H,H,H,R,H,H
HG03746,H,H,R,A,H,R,H,R,H,H
HG03750,H,H,R,H,R,H,A,R,R,A
HG03752,R,H,A,R,H,H,A,R,R,H
HG03753,R,H,R,H,A,R,H,R,R,H
HG03754,H,H,R,A,H,R,H,R,H,A
HG03755,A,A,R,A,H,H,A,R,H,H
HG03756,H,H,R,A,H,H,R,H,R,A
HG03757,H,H,A,A,H,H,H,H,R,H
HG03760,A,H,R,H,R,R,A,R,R,H
HG03762,H,A,H,A,H,R,H,R,H,R
HG03765,R,A,R,H,H,R,A,R,R,H
HG03767,A,A,R,R,A,R,H,R,R,A
HG03770,R,A,R,H,A,R,A,R,H,H
HG03771,A,A,H,A,A,H,H,R,R,A
HG03772,R,A,R,A,R,R,A,R,R,H
HG03773,R,H,R,H,H,H,H,R,R,A
HG03774,R,A,A,H,H,R,H,A,R,H
HG03775,H,A,R,A,R,R,H,R,H,H
HG03777,A,H,H,H,H,A,H,A,H,H
HG03778,R,A,H,H,H,R,H,H,A,R
HG03779,H,H,H,H,R,A,R,H,H,R
HG03780,H,A,R,H,H,R,R,R,R,A
HG03781,H,H,R,H,H,R,H,R,R,A
HG03782,R,A,R,H,A,H,H,R,A,H
HG03784,R,A,A,H,H,H,A,H,H,A
HG03785,R,A,R,A,R,A,H,H,R,A
HG03786,H,H,H,A,A,H,A,R,A,A
HG03787,R,A,H,A,A,R,H,R,H,R
HG03788,A,A,H,H,R,H,A,A,R,R
HG03789,H,A,R,H,R,R,A,R,H,H
HG03790,R,A,R,A,A,H,R,A,R,H
HG03792,R,A,R,R,A,R,A,H,H,A
HG03793,H,H,A,H,H,R,A,H,A,H
HG03796,A,A,R,H,R,R,A,R,H,H
HG03800,R,A,H,H,A,H,A,R,R,H
HG03802,R,H,R,H,H,R,H,R,A,A
HG03803,H,H,H,H,R,R,A,H,A,H
HG03805,R,A,H,R,H,H,R,R,R,A
HG03808,H,A,R,R,H,R,R,R,R,A
HG03809,A,H,R,A,H,H,H,R,R,H
HG03812,H,A,H,A,A,H,R,R,H,R
HG03814,R,H,R,A,H,H,R,R,R,H
HG03815,H,A,H,A,H,R,H,R,H,A
HG03817,H,H,R,A,A,H,A,H,H,A
HG03821,R,A,R,A,R,H,H,R,R,H
HG03823,H,H,H,R,A,R,A,R,H,A
HG03824,A,A,H,H,R,R,A,R,H,H
HG03826,A,A,R,H,A,H,A,R,R,A
HG03829,R,A,R,A,H,H,H,R,R,A
HG03830,R,A,R,A,H,H,H,H,H,H
HG03832,R,H,H,A,R,A,H,R,R,H
HG03833,R,H,R,A,H,A,A,R,R,H
HG03836,H,H,H,H,A,A,H,H,R,H
HG03837,H,A,R,H,H,A,R,H,R,H
HG03838,H,H,R,R,R,R,H,H,H,A
HG03844,H,A,R,A,R,R,A,H,H,R
HG03846,H,H,H,A,R,R,A,H,H,H
HG03848,R,A,R,A,H,A,A,R,A,H
HG03849,R,H,H,H,A,H,H,R,R,H
HG03850,H,A,R,A,H,R,A,R,H,R
HG03851,R,A,R,H,R,H,A,R,H,H
HG03854,H,A,R,H,H,R,R,R,H,H
HG03856,R,A,H,A,H,R,A,R,H,H
HG03857,H,H,A,A,A,R,H,R,A,A
HG03858,A,A,R,A,R,A,R,R,A,A
HG03861,R,A,R,R,H,H,H,H,R,H
HG03862,R,H,H,H,H,R,A,R,H,H
HG03863,R,A,A,A,R,H,A,R,R,A
HG03864,R,A,A,H,H,R,A,R,H,H
HG03866,H,H,R,A,H,H,A,R,H,H
HG03867,H,H,R,H,H,R,A,H,H,H
HG03868,H,H,A,R,H,R,H,R,R,A
HG03869,R,A,H,R,A,H,H,H,R,A
HG03870,R,H,A,H,A,H,H,H,R,R
HG03871,R,H,R,A,H,R,R,R,R,H
HG03872,R,A,H,A,H,H,H,A,R,A
HG03873,R,A,R,A,R,R,H,R,H,H
HG03874,H,A,H,H,R,R,A,R,H,H
HG03875,A,A,R,H,H,H,A,R,R,A
HG03882,A,A,H,R,H,H,H,H,R,A
HG03884,R,H,R,R,R,R,H,R,R,H
HG03885,R,H,R,A,A,A,H,H,R,A
HG03886,H,A,R,H,H,R,A,A,R,H
HG03887,R,H,H,H,A,A,H,H,R,H
HG03888,R,H,R,A,R,R,A,H,H,H
HG03890,H,A,R,R,H,A,R,H,R,H
HG03894,R,A,H,A,H,R,H,R,A,A
HG03895,R,A,R,R,H,R,H,R,H,H
HG03896,R,A,R,H,H,H,R,R,H,H
HG03897,H,A,A,H,H,H,A,A,H,H
HG03898,R,R,R,H,H,R,H,H,R,A
HG03899,R,A,R,A,A,H,A,H,R,A
HG03900,H,A,R,R,A,R,A,H,H,H
HG03902,R,A,H,A,H,R,A,R,R,H
HG03905,H,R,H,A,H,R,A,H,H,R
HG03907,R,H,R,H,A,H,H,R,R,A
HG03908,R,H,R,R,A,A,H,H,R,H
HG03910,R,A,H,A,R,A,H,R,A,A
HG03911,R,A,R,H,H,H,A,H,R,H
HG03913,H,H,A,R,H,H,H,R,R,A
HG03914,H,A,A,A,R,R,A,R,A,A
HG03916,H,A,H,R,H,R,A,R,R,A
HG03917,R,H,A,H,H,A,H,R,H,A
HG03919,H,A,H,A,A,H,H,H,R,A
HG03920,R,A,H,A,H,H,A,R,R,A
HG03922,A,H,H,H,H,R,A,R,R,A
HG03925,R,H,H,H,R,H,R,R,R,A
HG03926,H,H,H,H,H,A,A,A,R,H
HG03928,R,A,H,R,H,R,H,A,A,R
HG03931,H,A,R,A,H,H,H,R,R,R
HG03934,R,A,R,H,H,H,R,R,R,H
HG03937,A,H,R,A,R,R,A,R,R,H
HG03940,H,A,H,H,A,H,A,H,R,H
HG03941,A,H,A,A,R,A,H,R,R,A
HG03943,A,A,R,H,A,R,A,R,H,H
HG03944,R,H,R,A,R,R,H,R,H,H
HG03945,R,H,R,A,R,A,A,R,R,R
HG03947,R,H,H,R,A,A,A,R,H,A
HG03949,H,A,H,A,H,R,H,H,R,H
HG03950,H,A,H,H,H,H,H,H,H,A
HG03951,H,A,H,A,H,H,H,H,A,A
HG03953,R,A,R,H,H,R,A,H,H,A
HG03955,H,H,R,R,A,R,H,H,R,A
HG03960,R,A,R,A,R,A,H,H,H,H
HG03963,R,H,R,A,R,H,A,H,R,H
HG03965,R,A,R,R,R,H,H,R,R,A
HG03967,H,A,H,H,R,R,H,H,H,R
HG03968,H,R,R,H,H,R,A,R,H,H
HG03969,H,A,R,H,H,H,A,H,H,H
HG03971,R,H,R,H,H,R,H,H,R,A
HG03973,R,A,R,H,A,R,A,H,H,H
HG03974,R,A,R,A,H,R,H,R,A,R
HG03976,R,A,H,A,A,R,A,H,R,H
HG03977,H,H,R,A,R,R,H,R,A,H
HG03978,H,A,H,A,R,H,R,H,H,H
HG03985,R,H,R,A,A,R,H,H,H,H
HG03986,H,H,R,A,H,R,A,H,R,H
HG03989,H,A,R,A,A,H,H,R,R,A
HG03990,H,H,R,R,H,H,R,H,H,A
HG03991,A,A,H,R,A,R,H,R,R,H
HG03995,H,A,R,H,H,H,H,R,H,A
HG03998,R,A,R,A,R,H,H,R,H,H
HG03999,H,A,R,H,H,H,A,H,R,H
HG04001,H,R,R,H,H,A,A,R,H,H
HG04002,H,H,R,H,H,H,H,R,R,A
HG04003,R,H,R,A,R,H,A,R,R,R
HG04006,R,A,R,R,A,H,H,H,A,H
HG04014,H,H,A,A,R,H,H,R,H,R
HG04015,R,H,H,A,R,A,A,R,R,H
HG04017,A,H,R,A,H,H,H,H,H,A
HG04018,H,H,A,A,H,R,H,H,H,H
HG04019,R,H,H,A,H,R,R,R,R,H
HG04020,R,H,R,R,R,R,H,R,R,A
HG04022,R,H,R,H,H,R,A,A,R,H
HG04023,R,A,H,H,H,H,A,H,H,A
HG04025,H,A,A,A,H,H,A,R,R,A
HG04026,R,A,H,A,H,A,H,H,R,A
HG04029,R,A,R,H,H,R,H,H,R,H
HG04033,R,H,H,H,R,H,H,A,R,R
HG04035,R,A,H,H,H,H,R,R,H,A
HG04038,H,A,H,A,R,H,A,H,H,H
HG04039,R,A,R,A,H,H,A,R,H,A
HG04042,A,H,R,A,R,H,H,H,R,H
HG04047,R,A,R,H,H,A,A,R,R,H
HG04054,R,A,R,A,H,H,H,A,A,H
HG04056,R,A,R,R,H,R,A,R,A,R
HG04059,R,H,H,A,R,H,H,H,R,A
HG04060,H,R,H,R,A,H,H,A,R,R
HG04061,H,H,R,R,H,H,A,H,H,H
HG04062,H,H,R,A,A,H,A,R,H,A
HG04063,A,A,R,R,R,R,A,R,R,H
HG04070,R,H,H,H,R,H,H,H,R,A
HG04075,H,A,R,A,H,H,R,R,H,A
HG04076,A,A,R,H,R,R,A,H,H,H
HG04080,R,A,R,H,H,H,H,H,R,A
HG04090,R,H,A,A,H,H,H,H,R,H
HG04093,A,H,A,R,R,A,R,H,A,R
HG04094,H,A,R,H,H,A,A,R,R,H
HG04096,R,A,R,H,A,R,A,A,R,H
HG04098,R,H,R,H,R,R,A,R,H,H
HG04099,R,A,H,A,H,H,H,R,H,H
HG04100,H,A,R,H,H,H,A,R,R,A
HG04106,H,A,R,H,H,R,R,R,H,H
HG04107,R,A,A,H,R,H,R,H,H,H
HG04118,H,A,R,H,H,A,H,R,H,H
HG04131,R,A,R,A,H,A,A,H,R,A
HG04134,A,A,R,A,H,A,H,H,H,A
HG04140,H,A,A,A,R,H,A,R,R,R
HG04141,R,A,A,H,R,H,A,R,H,H
HG04144,R,A,H,R,R,R,A,A,R,R
HG04146,R,R,R,H,R,R,R,R,R,A
HG04152,H,A,R,H,R,H,R,R,R,R
HG04153,R,H,R,A,H,H,A,H,R,H
HG04155,R,A,H,R,A,H,H,R,H,R
HG04156,R,A,H,R,R,H,A,R,R,H
HG04158,H,A,A,A,A,R,A,R,H,A
HG04159,H,R,R,R,R,H,H,A,R,H
HG04161,A,A,H,H,H,R,R,R,R,A
HG04162,A,H,A,H,R,H,H,R,R,A
HG04164,A,R,H,H,H,H,H,R,R,H
HG04171,H,A,R,A,R,R,H,H,H,A
HG04173,H,A,R,H,A,R,H,H,R,H
HG04176,H,H,R,H,H,R,H,H,R,H
HG04177,R,H,R,A,H,H,A,H,H,H
HG04180,H,A,A,A,H,R,A,H,R,H
HG04182,H,H,R,H,R,R,A,A,H,H
HG04183,H,H,R,R,A,R,H,R,R,R
HG04185,A,R,R,H,R,A,H,R,H,H
HG04186,R,H,A,R,H,H,H,R,H,H
HG04188,R,A,H,H,A,H,H,H,R,H
HG04189,R,H,R,H,R,H,A,R,R,A
HG04194,H,A,H,A,R,A,H,R,R,H
HG04195,R,A,R,H,H,R,A,H,A,R
HG04198,H,H,R,A,R,R,R,H,H,A
HG04200,H,A,H,H,A,A,A,R,R,H
HG04202,H,H,R,A,R,H,H,H,H,H
HG04206,H,A,R,R,R,H,A,R,H,H
HG04209,H,A,H,R,H,R,H,H,H,H
HG04210,R,H,H,A,R,H,H,R,R,H
HG04211,A,H,A,A,R,R,R,R,R,H
HG04212,H,H,H,R,R,H,H,A,A,H
HG04214,H,H,A,R,H,R,H,H,H,H
HG04216,H,H,H,H,H,A,R,H,R,A
HG04219,A,A,H,H,H,H,A,H,A,R
HG04222,H,A,R,H,H,R,R,R,R,H
HG04225,A,A,R,A,R,H,H,A,R,H
HG04227,H,H,H,H,R,H,H,R,R,H
HG04229,R,A,R,H,H,H,H,H,A,A
HG04235,R,A,R,R,R,H,A,R,R,R
HG04238,R,A,A,H,H,H,H,R,R,A
HG04239,R,A,R,A,A,R,H,R,R,H
NA06984,R,A,R,H,A,H,A,R,R,H
NA06985,H,A,R,A,A,R,A,R,R,A
NA06986,R,A,H,R,H,R,A,R,H,A
NA06989,H,H,R,R,H,H,R,H,R,A
NA06994,R,A,R,H,H,R,H,H,H,A
NA07000,R,A,H,H,H,H,R,R,R,H
NA07037,R,H,R,A,R,H,H,R,A,A
NA07048,R,A,H,R,H,R,H,R,R,A
NA07051,R,A,R,H,A,R,H,H,H,A
NA07056,R,A,R,A,A,A,H,H,H,H
NA07347,R,H,R,A,H,R,R,R,H,H
NA07357,R,A,H,H,A,H,A,R,R,R
NA10847,H,H,R,H,A,R,H,R,R,H
NA10851,H,A,R,H,A,R,H,R,R,A
NA11829,R,H,H,A,H,H,H,H,R,A
NA11830,A,A,R,H,H,R,H,R,R,A
NA11831,H,R,R,A,A,R,H,A,R,R
NA11832,H,A,A,R,A,H,R,H,R,A
NA11840,H,A,R,A,R,H,H,H,R,A
NA11843,R,H,H,H,H,R,H,H,H,A
NA11881,A,A,R,A,H,R,H,R,R,H
NA11892,H,H,R,R,H,A,H,R,R,A
NA11893,R,A,R,A,R,A,R,R,R,A
NA11894,H,H,H,A,H,A,A,H,R,H
NA11918,R,A,H,H,A,H,H,H,R,H
NA11919,R,H,H,H,H,A,A,R,R,A
NA11920,A,R,H,H,R,R,H,R,R,H
NA11930,H,H,H,A,R,R,H,H,H,A
NA11931,H,A,H,R,H,R,A,R,R,H
NA11932,H,A,R,H,H,A,R,R,R,H
NA11933,H,H,H,A,H,R,R,A,H,R
NA11992,H,A,H,A,H,R,H,H,R,A
NA11994,R,H,R,H,A,H,R,R,R,A
NA11995,H,A,H,R,H,A,H,H,H,R
NA12003,R,A,H,A,A,R,A,R,R,H
NA12004,R,A,H,A,A,R,A,R,R,H
NA12005,R,H,H,A,R,H,H,H,R,A
NA12006,H,A,H,A,A,R,R,R,H,H
NA12043,H,H,H,H,R,R,H,H,H,H
NA12044,H,A,R,H,A,R,R,A,H,A
NA12045,R,H,R,H,R,R,A,R,R,A
NA12046,H,A,H,H,H,H,H,H,R,H
NA12058,H,H,R,A,A,R,H,H,R,H
NA12144,A,H,R,A,A,A,H,H,R,A
NA12154,R,A,A,R,H,H,R,R,R,A
NA12155,R,A,A,A,H,R,H,H,R,H
NA12156,H,A,R,H,R,H,H,R,R,A
NA12234,A,H,H,A,H,H,A,R,R,A
NA12249,H,A,A,A,H,R,R,H,R,H
NA12272,R,H,R,H,H,H,H,H,H,A
NA12273,R,H,R,H,A,H,H,H,A,A
NA12275,H,A,R,H,H,R,R,R,R,H
NA12282,A,A,R,A,A,R,H,R,R,A
NA12283,R,A,R,H,A,R,R,A,H,A
NA12286,H,H,H,H,R,H,H,R,R,R
NA12287,R,A,R,A,R,A,H,R,R,H
NA12340,R,A,R,H,R,R,R,H,H,A
NA12341,H,H,H,H,A,R,H,H,H,R
NA12342,H,A,R,H,A,R,R,R,H,H
NA12347,A,H,R,A,H,H,H,H,R,A
NA12348,R,A,R,H,A,H,H,R,R,H
NA12383,R,A,R,A,A,A,R,H,R,A
NA12399,R,H,H,H,H,H,R,A,H,A
NA12400,R,H,R,A,H,R,H,R,R,A
NA12413,R,H,R,H,A,H,R,H,R,A
NA12414,H,R,R,H,A,R,H,H,H,H
NA12489,H,R,R,A,H,R,H,R,R,H
NA12546,R,H,H,A,H,H,H,R,H,H
NA12716,A,A,A,H,H,H,H,H,R,A
NA12717,R,A,R,H,H,R,H,A,R,H
NA12718,R,A,R,A,A,H,R,R,H,R
NA12748,H,H,H,A,H,R,H,H,R,A
NA12749,R,A,H,H,A,R,R,R,H,R
NA12750,A,R,R,H,H,H,H,H,R,H
NA12751,H,A,R,H,A,R,H,R,H,A
NA12760,R,H,A,H,R,H,R,H,R,H
NA12761,R,A,H,H,A,R,H,R,H,A
NA12762,H,A,R,H,A,H,H,R,R,H
NA12763,H,A,R,H,H,H,H,A,R,A
NA12775,R,A,R,R,A,R,R,A,H,H
NA12776,R,H,H,R,A,R,A,R,R,A
NA12777,R,A,H,H,H,H,H,H,R,A
NA12778,R,A,H,A,H,H,H,R,R,A
NA12812,H,A,H,H,A,H,H,R,R,R
NA12813,R,A,R,H,A,R,H,R,H,A
NA12814,R,A,R,H,A,R,H,R,R,R
NA12815,R,H,H,H,H,R,H,H,H,A
NA12827,H,A,A,A,H,H,A,H,R,H
NA12828,R,A,R,H,H,R,H,R,R,A
NA12829,R,A,R,H,R,H,R,R,R,A
NA12830,R,A,H,H,H,A,R,R,R,H
NA12842,H,A,H,H,R,H,R,H,R,H
NA12843,R,A,H,A,H,H,H,R,R,A
NA12872,H,A,H,R,H,H,H,H,R,H
NA12873,H,H,R,H,A,R,H,R,R,A
NA12874,R,H,A,H,H,A,R,R,R,H
NA12878,H,A,R,H,A,R,R,R,R,A
NA12889,H,H,H,H,H,R,R,R,R,H
NA12890,R,A,H,R,R,H,R,R,R,H
NA18486,R,A,R,A,R,R,H,R,R,H
NA18488,H,A,R,H,A,R,A,R,H,R
NA18489,H,A,R,H,R,R,R,H,R,H
NA18498,R,A,R,H,H,R,A,R,H,R
NA18499,R,A,H,H,R,H,A,R,R,H
NA18501,H,A,H,A,R,R,H,R,H,A
NA18502,H,A,H,H,H,A,H,H,R,R
NA18504,R,A,R,A,H,H,H,R,R,H
NA18505,R,H,H,A,H,R,A,H,H,H
NA18507,H,H,R,A,H,H,H,H,H,A
NA18508,H,A,H,H,H,H,A,R,H,R
NA18510,H,H,H,H,H,H,H,R,R,R
NA18511,R,A,H,H,H,R,H,R,H,H
NA18516,H,A,H,H,H,R,A,R,H,H
NA18517,R,H,R,A,H,R,A,R,R,H
NA18519,H,A,R,H,R,H,R,H,H,A
NA18520,H,H,R,A,A,R,H,R,A,A
NA18522,H,H,R,A,H,R,A,H,R,A
NA18523,R,A,R,R,H,H,A,R,H,H
NA18525,R,A,R,A,R,H,H,R,H,A
NA18526,A,A,H,A,R,A,A,R,R,H
NA18528,A,H,R,A,R,H,A,R,H,A
NA18530,A,H,R,R,H,R,A,H,R,H
NA18531,A,A,R,H,R,H,A,R,R,H
NA18532,R,H,H,R,H,R,A,R,R,H
NA18533,R,A,H,H,H,H,A,R,A,H
NA18534,H,H,H,R,R,A,A,H,R,R
NA18535,A,A,H,R,R,R,A,R,H,H
NA18536,R,A,R,A,R,R,H,R,R,R
NA18537,H,A,H,R,H,H,A,R,H,R
NA18538,H,A,R,H,R,R,H,R,H,H
NA18539,R,H,R,R,R,R,A,R,H,R
NA18541,R,H,R,H,R,H,A,H,R,H
NA18542,A,A,R,R,H,R,A,R,R,H
NA18543,H,A,H,A,H,R,H,R,R,H
NA18544,A,A,H,H,H,R,A,R,R,H
NA18545,A,H,H,A,H,R,A,R,R,R
NA18546,H,A,H,A,H,H,H,R,H,R
NA18547,R,A,H,H,R,A,A,R,H,R
NA18548,H,H,H,A,R,R,A,R,R,H
NA18549,R,H,R,H,R,R,H,H,R,R
NA18550,R,A,R,R,R,H,A,H,H,H
NA18552,A,H,R,H,A,H,A,R,H,H
NA18553,A,A,H,A,R,R,A,R,H,H
NA18555,R,H,R,A,R,H,A,R,A,R
NA18557,R,H,H,H,R,A,A,R,H,R
NA18558,H,H,H,H,A,H,A,H,H,A
NA18559,R,H,H,R,R,R,H,R,A,R
NA18560,A,A,H,H,A,H,A,R,H,R
NA18561,H,A,R,H,H,H,A,R,R,R
NA18562,R,A,H,A,H,H,H,R,H,H
NA18563,A,A,R,A,R,H,A,R,R,H
NA18564,H,A,A,A,H,H,H,R,H,A
NA18565,H,A,R,R,R,H,A,H,R,H
NA18566,A,H,R,H,A,H,H,R,H,H
NA18567,A,A,R,A,H,H,A,R,H,A
NA18570,A,A,R,H,R,A,H,H,H,A
NA18571,H,A,R,H,R,H,A,R,H,R
NA18572,H,A,R,A,R,R,A,H,H,A
NA18573,H,H,H,H,H,H,A,R,R,R
NA18574,H,A,H,H,A,H,H,H,H,H
NA18577,H,A,R,R,R,H,H,R,R,H
NA18579,H,H,H,H,A,H,A,R,H,H
NA18582,R,H,H,A,R,H,A,H,H,A
NA18591,R,A,R,A,A,H,H,R,R,A
NA18592,H,A,R,H,H,R,A,R,H,A
NA18593,R,H,R,H,R,A,A,R,H,H
NA18595,H,A,R,H,R,R,A,R,R,R
NA18596,H,A,A,H,H,R,A,H,R,A
NA18597,R,A,R,A,R,R,A,R,R,H
NA18599,A,H,H,H,H,H,A,R,R,H
NA18602,R,A,R,H,R,H,H,R,R,A
NA18603,A,A,R,A,A,H,A,R,R,A
NA18605,R,A,R,H,H,H,A,R,R,H
NA18606,R,A,R,R,A,R,A,A,A,A
NA18608,A,A,H,H,A,H,A,R,H,H
NA18609,H,R,R,R,H,R,A,R,R,R
NA18610,R,H,H,H,H,R,A,R,H,H
NA18611,H,H,R,H,H,R,H,R,R,H
NA18612,R,H,R,R,H,H,A,H,R,H
NA18613,A,A,H,H,R,R,A,R,R,H
NA18614,H,R,R,H,H,R,A,R,R,H
NA18615,H,A,R,A,H,H,A,R,H,R
NA18616,R,A,R,A,A,R,A,R,R,R
NA18617,R,A,R,A,H,R,A,R,A,R
NA18618,A,H,H,A,H,R,A,R,R,R
NA18619,H,R,H,H,H,R,H,H,A,R
NA18620,H,A,R,H,H,H,A,A,H,R
NA18621,R,H,R,A,H,R,R,H,H,H
NA18622,R,H,R,A,R,R,H,R,R,R
NA18623,H,A,R,H,R,R,A,R,R,R
NA18624,R,A,A,R,R,R,A,R,R,R
NA18625,R,A,R,H,R,H,A,R,H,R
NA18626,R,A,H,H,R,H,A,R,R,R
NA18627,A,R,R,A,R,R,A,R,R,H
NA18628,R,A,R,H,R,H,A,R,H,R
NA18629,H,A,R,A,R,R,A,R,R,A
NA18630,H,A,H,A,R,H,A,R,R,A
NA18631,H,A,A,A,H,H,A,R,R,H
NA18632,R,A,R,H,H,H,A,R,R,H
NA18633,R,A,R,H,R,R,A,R,R,R
NA18634,R,A,R,H,R,H,A,R,R,A
NA18635,H,H,R,A,H,H,A,R,R,H
NA18636,A,A,H,R,R,H,H,R,R,H
NA18637,H,A,R,H,H,R,H,R,R,R
NA18638,H,A,R,H,R,R,H,R,R,A
NA18639,H,A,H,H,H,H,A,R,R,R
NA18640,R,A,R,H,A,R,A,R,R,R
NA18641,H,H,H,H,R,H,A,R,R,R
NA18642,H,H,R,H,R,A,H,R,R,H
NA18643,H,A,R,H,H,H,H,R,H,H
NA18644,A,A,R,A,R,H,A,R,H,A
NA18645,A,A,R,R,R,H,A,R,H,A
NA18646,R,A,R,A,R,R,A,H,R,R
NA18647,R,A,R,H,R,H,A,R,R,R
NA18648,R,H,H,H,H,R,H,R,H,H
NA18740,A,A,R,H,R,R,A,R,R,R
NA18745,A,A,H,A,R,R,H,R,R,H
NA18747,H,H,R,A,H,H,R,R,R,R
NA18748,H,R,R,H,R,H,A,R,R,A
NA18749,A,H,H,A,R,R,A,H,H,R
NA18757,H,A,R,A,R,R,A,H,H,A
NA18853,H,A,R,H,R,R,A,R,A,H
NA18856,H,A,R,A,H,A,R,R,R,H
NA18858,R,A,A,H,R,H,A,R,R,A
NA18861,R,A,H,R,A,H,A,R,R,A
NA18864,R,A,H,A,R,H,H,R,R,R
NA18865,H,R,R,H,H,H,H,R,R,R
NA18867,H,H,H,H,H,R,H,R,H,A
NA18868,R,A,R,H,R,A,R,H,R,H
NA18870,H,A,R,H,R,H,A,H,R,H
NA18871,A,A,R,H,R,H,A,R,R,H
NA18873,H,H,H,H,R,R,R,R,H,H
NA18874,R,A,R,H,H,R,H,R,R,R
NA18876,H,A,R,H,H,H,H,R,R,R
NA18877,H,H,R,A,H,H,H,R,H,R
NA18878,H,A,R,H,R,H,A,H,R,R
NA18879,A,H,H,A,H,H,H,H,R,H
NA18881,H,A,H,H,H,H,A,R,R,H
NA18907,R,A,H,H,A,R,H,H,R,H
NA18908,H,H,H,A,R,H,A,R,R,H
NA18909,R,H,H,R,R,H,H,R,R,H
NA18910,H,A,H,H,H,H,H,R,H,A
NA18912,H,H,H,H,R,R,A,R,R,R
NA18915,H,A,R,H,R,R,A,R,R,A
NA18916,R,H,H,H,H,A,H,R,H,H
NA18917,R,A,R,R,H,R,H,R,R,H
NA18923,H,H,H,H,H,H,A,R,R,R
NA18924,R,H,R,H,H,H,H,R,H,A
NA18933,R,A,R,A,H,A,A,H,H,R
NA18934,R,A,H,R,H,R,A,H,R,A
NA18939,H,A,R,R,H,R,A,R,A,A
NA18940,A,A,R,H,H,R,H,H,H,R
NA18941,H,H,H,H,R,R,H,R,R,H
NA18942,R,A,R,H,R,H,H,R,H,A
NA18943,R,H,R,H,H,R,H,R,H,A
NA18944,R,A,R,H,H,H,R,R,R,R
NA18945,R,A,R,R,R,H,H,R,R,R
NA18946,R,A,H,R,R,H,A,R,H,H
NA18947,H,H,R,H,R,R,A,R,H,A
NA18948,R,A,R,H,R,H,A,R,H,H
NA18949,R,A,H,R,H,R,A,R,R,A
NA18950,R,H,H,R,H,H,A,R,R,H
NA18951,H,A,R,A,H,R,A,R,R,A
NA18952,H,H,R,H,A,H,H,R,R,H
NA18953,R,A,H,H,R,R,A,R,R,H
NA18954,H,A,H,H,H,H,H,R,H,H
NA18956,R,H,H,A,H,R,A,R,R,H
NA18957,R,A,R,A,R,H,H,R,H,A
NA18959,H,A,H,H,R,H,A,R,R,A
NA18960,H,A,R,R,H,A,H,R,A,H
NA18961,H,A,H,R,R,H,A,R,H,R
NA18962,H,A,A,R,R,H,A,R,H,H
NA18963,A,A,R,R,R,H,A,H,R,R
NA18964,A,A,R,R,R,H,A,R,R,R
NA18965,R,R,H,A,R,H,A,R,R,A
NA18966,H,A,R,H,R,H,R,R,H,R
NA18967,R,A,R,H,H,H,A,R,H,H
NA18968,R,H,R,R,R,R,A,R,H,A
NA18969,R,A,R,H,A,H,A,R,R,H
NA18970,H,H,R,R,R,R,A,R,H,A
NA18971,H,A,H,R,H,R,A,R,R,A
NA18972,A,H,R,H,H,A,A,R,R,R
NA18973,R,A,R,A,H,H,A,R,R,R
NA18974,A,A,R,R,R,H,A,R,R,H
NA18975,A,H,R,A,A,R,H,R,R,A
NA18976,H,A,R,H,R,R,A,R,R,R
NA18977,R,H,R,H,H,H,A,H,R,R
NA18978,H,A,R,H,R,R,A,R,R,R
NA18979,H,A,H,H,R,R,A,R,H,A
NA18980,H,H,R,H,H,R,A,R,R,H
NA18981,H,A,H,A,A,A,A,R,R,H
NA18982,R,A,H,A,H,R,H,R,H,H
NA18983,R,A,R,R,H,H,H,R,R,A
NA18984,R,A,R,H,R,A,A,R,R,H
NA18985,A,A,R,R,H,A,A,R,A,A
NA18986,H,A,R,H,R,A,H,H,R,R
NA18987,H,A,R,A,H,R,H,R,R,R
NA18988,H,H,A,R,R,H,A,R,H,H
NA18989,R,H,H,R,A,R,A,R,R,A
NA18990,A,A,H,A,H,H,H,R,R,H
NA18991,R,H,A,H,R,H,A,R,H,A
NA18992,H,A,R,H,H,R,H,R,R,R
NA18993,H,A,R,A,H,A,A,R,H,H
NA18994,R,A,H,H,H,H,H,R,A,R
NA18995,R,H,R,R,H,R,H,R,R,H
NA18997,R,A,H,A,R,H,A,R,R,H
NA18998,H,A,H,H,R,R,A,R,R,H
NA18999,H,A,R,A,H,R,A,H,R,H
NA19000,A,H,R,R,R,R,H,R,H,H
NA19001,R,A,R,A,H,H,H,H,R,H
NA19002,R,A,R,R,R,R,A,H,H,R
NA19003,A,A,R,H,H,A,A,R,R,H
NA19004,H,A,R,R,R,R,A,R,R,A
NA19005,H,H,R,A,R,H,H,R,H,A
NA19006,H,A,H,A,H,R,A,R,R,H
NA19007,R,H,H,R,R,R,A,R,H,R
NA19009,R,A,R,H,H,R,H,R,H,A
NA19010,A,A,R,A,H,H,H,R,R,A
NA19011,A,A,R,R,H,R,H,R,R,H
NA19012,H,A,R,A,R,H,A,R,H,A
NA19017,H,A,R,R,R,R,A,R,R,A
NA19019,R,R,H,A,R,R,A,R,H,H
NA19020,H,A,R,H,R,R,H,R,R,R
NA19023,R,A,R,A,H,A,A,R,R,H
NA19024,R,A,H,H,R,H,A,H,A,A
NA19025,R,H,R,H,R,R,H,R,H,R
NA19026,H,A,A,A,H,H,H,R,R,A
NA19027,R,H,H,H,H,R,A,R,R,H
NA19028,H,H,R,H,H,R,A,R,H,R
NA19030,H,H,R,A,R,R,A,R,H,H
NA19031,H,A,A,H,R,H,R,R,H,H
NA19035,R,A,H,A,R,R,A,R,H,R
NA19036,R,H,H,H,R,H,H,R,R,H
NA19037,H,H,A,H,H,H,A,R,R,H
NA19038,R,H,R,H,H,R,A,R,H,H
NA19041,R,H,R,A,H,H,A,R,R,H
NA19042,R,H,H,A,R,H,H,R,H,A
NA19043,R,A,H,R,H,H,A,H,H,H
NA19054,R,H,R,A,H,A,A,R,A,H
NA19055,H,A,R,A,A,R,A,H,R,H
NA19056,R,A,H,R,H,H,A,R,H,H
NA19057,R,H,R,H,R,R,H,H,H,A
NA19058,A,H,R,H,H,H,H,H,R,R
NA19059,H,A,H,R,H,H,H,R,H,A
NA19060,H,A,R,R,R,H,A,R,A,A
NA19062,R,H,R,H,H,H,A,R,A,R
NA19063,A,H,H,R,R,R,A,R,H,H
NA19064,H,A,A,R,H,H,H,R,H,H
NA19065,R,A,H,H,R,R,A,H,R,R
NA19066,H,A,R,A,R,A,H,R,A,R
NA19067,R,A,R,H,H,A,A,R,R,R
NA19068,A,A,H,H,H,H,H,R,R,H
NA19070,A,A,R,A,H,R,A,R,H,R
NA19072,H,A,R,H,R,R,A,R,A,H
NA19074,H,A,R,R,R,R,A,H,R,R
NA19075,H,A,R,H,H,A,H,H,R,A
NA19076,A,H,R,R,H,R,A,R,A,H
NA19077,R,A,R,H,H,R,H,R,H,H
NA19078,H,A,H,A,H,A,R,H,R,A
NA19079,H,A,H,R,H,R,A,R,H,H
NA19080,A,A,R,R,H,H,A,H,H,R
NA19081,A,A,R,A,H,H,A,R,H,R
NA19082,R,H,R,H,R,R,A,R,H,H
NA19083,A,A,R,H,R,R,A,R,R,A
NA19084,H,H,R,A,H,R,A,R,R,A
NA19085,H,A,R,H,H,A,H,R,R,H
NA19086,R,A,H,H,R,H,A,R,R,H
NA19087,H,A,H,H,R,R,A,R,R,A
NA19088,H,A,H,H,H,R,A,H,R,A
NA19089,R,A,H,R,H,H,A,R,R,H
NA19090,R,H,H,H,H,H,A,R,R,A
NA19091,H,A,R,H,A,H,A,H,R,R
NA19092,R,A,H,R,H,H,H,H,R,H
NA19093,A,A,R,R,R,R,A,R,R,A
NA19095,R,A,H,A,R,H,A,R,R,A
NA19096,R,A,H,H,H,H,H,R,R,H
NA19098,H,H,H,R,H,H,A,A,R,H
NA19099,H,H,H,H,R,H,A,H,R,H
NA19102,H,A,R,A,R,H,H,R,H,H
NA19107,R,A,H,R,R,R,A,R,H,H
NA19108,H,A,H,R,H,R,A,H,H,H
NA19113,R,H,R,H,H,R,H,R,H,H
NA19114,H,H,H,H,H,H,A,R,H,R
NA19116,R,H,H,R,H,A,R,R,H,H
NA19117,H,A,H,H,H,R,A,A,R,H
NA19118,A,A,H,A,R,H,A,H,R,H
NA19119,R,H,R,H,R,R,A,R,A,R
NA19121,R,A,R,A,H,R,H,R,R,A
NA19129,R,A,H,R,H,R,A,A,H,A
NA19130,R,A,H,A,H,H,H,R,R,R
NA19131,H,A,H,A,H,H,R,H,R,H
NA19137,R,H,R,R,R,A,A,R,H,H
NA19138,H,A,A,H,R,H,H,R,R,A
NA19141,H,H,R,R,R,R,A,H,H,H
NA19143,H,A,H,H,H,R,H,H,H,R
NA19144,R,A,R,R,R,H,R,R,R,A
NA19146,A,A,R,A,H,R,A,R,R,H
NA19147,R,A,H,A,R,R,R,R,H,H
NA19149,H,H,A,H,R,R,H,R,H,H
NA19152,H,H,R,R,H,R,A,A,H,H
NA19153,A,A,H,A,R,R,H,H,H,H
NA19159,R,H,H,R,H,H,A,H,H,H
NA19160,R,H,H,H,R,H,A,R,H,A
NA19171,A,A,R,H,A,H,H,R,R,A
NA19172,H,H,R,A,R,R,H,R,H,H
NA19175,H,A,H,H,H,H,H,H,R,H
NA19184,H,A,R,H,R,H,H,R,H,H
NA19185,R,H,H,A,R,R,A,R,H,H
NA19189,H,A,R,A,A,H,A,R,R,R
NA19190,H,H,H,A,A,R,H,R,H,A
NA19197,R,A,H,H,H,R,R,R,H,H
NA19198,H,H,H,R,R,H,R,H,R,R
NA19200,R,A,R,R,H,A,A,R,R,H
NA19201,H,A,H,H,R,H,H,R,R,H
NA19204,R,H,R,H,H,H,H,H,H,R
NA19206,R,A,H,H,H,H,A,R,H,H
NA19207,H,H,A,A,R,R,A,R,H,H
NA19209,R,H,H,A,H,H,H,H,R,R
NA19210,R,A,R,A,H,H,R,H,R,A
NA19213,H,H,R,H,H,H,A,R,R,R
NA19214,H,H,H,A,A,A,H,R,R,A
NA19222,R,H,R,H,H,R,R,R,R,R
NA19223,H,A,R,R,H,R,A,R,R,H
NA19225,H,H,H,H,R,R,H,H,H,A
NA19235,H,A,H,H,H,R,A,H,H,A
NA19236,H,H,R,A,R,H,H,H,H,H
NA19238,R,A,R,R,H,A,R,H,A,A
NA19239,R,H,H,R,R,H,H,R,R,A
NA19247,R,A,H,A,R,H,A,R,A,A
NA19248,H,A,R,R,R,H,R,H,H,H
NA19256,A,H,A,H,R,H,R,H,R,H
NA19257,R,H,R,A,R,R,H,R,R,A
NA19307,R,A,R,H,H,H,A,R,H,A
NA19308,A,A,R,A,H,A,H,H,R,R
NA19309,R,A,R,A,R,H,H,R,R,H
NA19310,H,H,R,H,R,R,A,R,A,R
NA19312,R,H,R,H,A,R,H,H,R,A
NA19314,R,A,H,H,A,H,H,H,H,R
NA19315,R,R,R,H,A,R,R,R,R,H
NA19316,R,A,R,H,H,A,A,H,R,H
NA19317,R,A,R,R,R,R,H,H,R,A
NA19318,H,A,R,A,H,H,A,R,R,R
NA19319,A,H,H,H,R,H,A,R,R,H
NA19320,H,A,H,R,R,H,A,H,R,H
NA19321,A,A,R,A,R,H,H,H,H,R
NA19323,H,A,R,H,R,A,H,H,R,R
NA19324,H,H,R,A,A,A,A,H,A,A
NA19327,R,A,R,A,H,R,A,R,R,H
NA19328,H,A,R,H,R,A,R,R,R,R
NA19331,H,A,H,A,H,R,A,R,R,H
NA19332,R,H,A,H,H,A,H,R,R,H
NA19334,H,A,H,A,H,R,A,R,R,H
NA19338,H,A,R,A,A,H,A,H,R,H
NA19346,R,H,H,A,R,H,H,R,H,H
NA19347,R,A,R,H,H,R,H,R,R,R
NA19350,R,A,H,H,H,H,H,H,R,H
NA19351,H,A,R,H,H,H,A,R,R,R
NA19355,H,A,H,R,R,H,A,H,H,R
NA19360,R,H,R,A,A,R,H,R,R,R
NA19372,A,H,H,R,R,H,H,R,H,A
NA19374,R,A,R,H,R,R,H,H,R,R
NA19375,H,A,R,H,R,H,H,R,R,A
NA19376,H,H,H,H,R,H,A,R,A,R
NA19377,H,R,H,A,R,R,H,R,R,R
NA19378,H,H,H,H,H,H,A,R,H,A
NA19379,R,R,R,H,A,H,A,R,R,H
NA19380,R,A,R,H,A,A,R,R,R,H
NA19383,R,H,R,H,H,H,R,R,H,A
NA19384,H,H,R,R,R,A,H,H,R,A
NA19385,H,A,A,H,H,H,A,R,H,H
NA19390,R,A,H,H,R,H,A,H,R,R
NA19391,H,H,R,R,A,H,A,R,H,A
NA19393,R,A,R,R,R,H,H,R,R,R
NA19394,A,H,H,A,A,R,A,R,R,R
NA19395,R,A,R,H,A,H,A,R,R,R
NA19397,A,H,A,H,R,H,A,R,R,H
NA19399,R,A,R,A,H,R,A,R,A,A
NA19401,R,H,H,H,R,H,A,R,R,H
NA19403,H,A,H,A,H,H,H,R,H,A
NA19404,H,A,R,A,A,A,H,H,R,A
NA19428,H,H,R,A,H,H,H,R,R,A
NA19429,A,A,H,H,R,R,A,R,H,R
NA19430,H,H,H,R,H,A,H,R,R,R
NA19431,H,H,R,H,H,H,R,R,R,H
NA19434,A,A,H,A,H,H,A,R,R,H
NA19435,A,H,R,A,R,H,A,H,R,R
NA19436,R,A,H,A,R,H,R,H,H,A
NA19437,H,A,R,H,H,R,H,H,H,H
NA19438,H,H,R,H,A,R,H,H,R,H
NA19439,A,H,R,H,A,R,H,H,R,R
NA19440,H,A,H,A,R,A,A,R,H,R
NA19443,R,A,R,H,R,R,H,R,R,A
NA19445,H,A,R,H,H,H,H,R,R,A
NA19446,H,H,H,H,H,H,A,R,H,H
NA19448,A,H,H,A,H,H,H,R,R,H
NA19449,H,H,R,A,H,H,H,A,A,H
NA19451,A,H,R,H,A,H,A,H,R,R
NA19452,A,H,H,R,H,A,H,R,R,H
NA19454,H,A,H,H,H,R,H,R,A,H
NA19455,A,H,R,H,H,R,H,R,H,R
NA19456,R,A,R,A,H,H,H,R,R,H
NA19457,A,A,R,A,R,H,H,R,H,R
NA19461,H,H,R,H,H,H,R,H,H,H
NA19462,R,A,R,A,R,R,R,H,A,R
NA19463,R,H,R,A,H,R,A,H,R,R
NA19466,H,A,H,H,H,R,H,R,R,H
NA19467,R,A,R,A,H,H,A,R,R,H
NA19468,R,A,R,A,R,H,H,R,R,H
NA19471,R,A,R,H,R,A,A,R,H,R
NA19472,R,R,R,R,A,R,A,R,R,H
NA19473,R,A,H,R,H,H,H,R,R,H
NA19474,R,A,R,R,H,H,H,R,R,A
NA19475,H,H,R,A,R,H,H,R,H,H
NA19625,R,A,H,H,A,H,H,R,R,H
NA19648,R,H,A,R,A,R,H,H,R,H
NA19649,A,H,H,H,R,H,H,H,R,H
NA19651,R,R,R,H,H,H,H,H,R,A
NA19652,R,A,R,H,R,H,H,H,R,A
NA19654,H,R,H,H,R,H,H,R,H,H
NA19655,A,H,R,A,H,R,H,R,R,A
NA19657,H,A,H,A,H,R,H,H,R,A
NA19658,R,A,R,R,H,R,H,R,H,R
NA19661,R,A,R,A,H,R,H,A,R,A
NA19663,H,H,R,H,R,H,H,H,R,A
NA19664,R,A,H,A,R,A,A,R,R,H
NA19669,H,A,H,A,A,H,H,H,R,A
NA19670,R,H,H,R,H,R,H,H,R,A
NA19676,R,A,R,A,R,R,A,R,H,A
NA19678,R,A,R,R,A,R,H,R,R,H
NA19679,H,R,H,A,R,H,H,H,R,A
NA19681,H,A,R,H,H,R,A,R,H,H
NA19682,A,A,H,R,R,H,H,R,H,A
NA19684,H,A,R,H,H,H,H,R,R,A
NA19700,R,A,A,H,R,R,H,R,R,A
NA19701,H,A,R,H,H,R,A,H,H,H
NA19703,H,H,R,H,R,A,A,R,H,H
NA19704,R,A,R,R,H,A,A,H,H,A
NA19707,R,A,R,A,A,H,H,R,R,R
NA19711,R,A,H,R,H,H,A,R,R,H
NA19712,H,A,R,A,R,H,R,R,H,A
NA19713,R,H,H,A,H,H,A,A,H,H
NA19716,H,H,H,A,H,R,R,R,R,H
NA19717,R,A,R,A,H,R,H,H,H,R
NA19719,R,A,A,H,A,H,H,R,R,H
NA19720,R,A,H,H,A,R,R,H,R,H
NA19722,H,H,R,R,R,R,A,R,R,R
NA19723,R,A,H,H,A,H,H,H,R,A
NA19725,H,A,R,R,H,A,H,R,H,A
NA19726,H,A,H,H,R,H,A,A,H,R
NA19728,R,A,R,A,R,H,A,R,R,A
NA19729,H,A,H,R,H,H,A,R,R,H
NA19731,R,A,R,H,H,R,H,R,R,H
NA19732,A,H,R,R,R,R,A,R,H,A
NA19734,R,A,H,H,H,R,H,A,H,H
NA19735,R,A,H,H,R,H,H,H,R,R
NA19740,A,A,H,H,R,A,R,R,R,R
NA19741,H,H,H,A,H,A,H,R,R,H
NA19746,H,H,H,R,H,R,H,R,R,A
NA19747,R,A,H,R,H,R,R,H,R,H
NA19749,H,A,H,H,A,H,A,H,H,A
NA19750,R,H,A,H,H,R,A,R,A,H
NA19752,A,A,R,H,H,H,H,H,R,A
NA19755,A,H,H,H,R,H,H,R,H,H
NA19756,H,H,H,H,H,R,A,R,H,H
NA19758,H,A,H,H,A,R,H,R,H,A
NA19759,H,A,A,H,R,A,A,H,R,H
NA19761,R,A,R,A,R,R,A,H,H,A
NA19762,H,R,R,A,A,H,H,R,R,H
NA19764,H,A,H,R,H,H,A,A,H,A
NA19770,H,A,R,H,R,R,A,R,R,A
NA19771,H,A,R,R,H,H,A,R,R,R
NA19773,R,A,R,H,R,R,A,R,H,H
NA19774,H,H,R,A,H,R,R,R,R,H
NA19776,H,R,R,A,H,R,A,H,H,A
NA19777,A,H,H,A,A,A,A,R,R,H
NA19779,H,H,R,H,A,R,R,H,R,A
NA19780,A,H,R,R,H,H,A,R,R,H
NA19782,H,H,R,A,A,R,H,A,R,H
NA19783,R,A,R,A,H,R,H,H,R,H
NA19785,R,A,R,A,R,A,A,A,H,H
NA19786,R,H,H,A,R,H,H,R,R,H
NA19788,R,A,H,H,R,H,H,R,R,A
NA19789,H,A,H,H,H,H,H,H,R,H
NA19792,H,A,A,A,A,R,R,H,R,A
NA19794,H,H,H,H,A,H,H,R,R,H
NA19795,A,H,R,H,R,H,A,R,R,A
NA19818,H,A,H,H,H,A,R,R,R,A
NA19819,H,H,H,H,A,H,H,R,R,H
NA19834,H,H,H,R,A,H,H,H,H,A
NA19835,H,A,R,A,H,R,R,R,H,A
NA19900,A,H,A,R,H,H,H,R,H,H
NA19901,H,R,A,H,R,H,H,R,R,H
NA19904,R,A,R,H,A,R,H,R,H,A
NA19908,H,A,H,A,H,R,H,R,R,A
NA19909,H,H,R,A,H,R,H,H,R,H
NA19913,R,A,R,H,H,R,H,R,H,H
NA19914,H,A,H,H,A,A,R,R,R,H
NA19916,A,A,H,A,H,H,A,R,H,H
NA19917,R,A,R,H,H,H,A,H,H,H
NA19920,H,H,R,H,H,H,H,R,A,R
NA19921,R,A,H,H,R,R,A,R,R,H
NA19922,R,A,R,H,H,H,H,R,R,H
NA19923,H,A,H,A,R,H,A,H,R,A
NA19982,R,A,H,A,H,H,H,H,A,A
NA19984,H,H,R,H,H,R,H,H,H,H
NA20126,R,A,H,A,H,R,H,H,R,H
NA20127,H,A,R,A,H,H,H,R,H,A
NA20274,R,A,R,H,A,H,A,R,H,A
NA20276,H,A,R,A,H,H,H,R,H,H
NA20278,H,H,H,A,R,R,R,R,A,H
NA20281,R,H,R,H,R,A,H,R,R,A
NA20282,H,H,H,H,H,R,A,A,H,A
NA20287,A,R,R,H,H,R,H,R,R,R
NA20289,R,H,R,A,H,H,A,R,H,H
NA20291,R,A,R,R,R,R,A,R,R,H
NA20294,A,A,R,H,R,H,R,A,H,R
NA20296,H,H,A,R,R,H,H,H,R,R
NA20298,R,A,R,A,H,H,A,R,R,A
NA20299,H,R,R,H,H,A,A,H,R,H
NA20314,H,H,H,H,H,H,A,R,R,A
NA20317,H,A,H,H,A,R,R,A,H,A
NA20318,A,A,R,H,A,R,H,H,H,H
NA20320,A,H,R,A,R,A,H,R,H,H
NA20321,H,H,R,A,R,A,H,R,H,A
NA20332,H,A,R,H,A,H,H,H,H,R
NA20334,R,H,R,R,R,A,R,R,H,H
NA20339,R,A,H,H,H,R,H,R,H,H
NA20340,A,R,H,A,R,R,H,R,R,A
NA20342,H,A,R,H,H,A,R,H,R,H
NA20346,A,H,R,R,R,H,H,R,R,R
NA20348,R,A,H,H,R,R,A,R,A,H
NA20351,A,H,R,A,H,H,A,R,H,H
NA20355,R,H,R,R,H,H,H,R,H,H
NA20356,H,A,R,A,R,A,A,R,R,A
NA20357,R,A,R,A,H,R,H,R,R,A
NA20359,R,R,R,H,H,H,A,R,H,H
NA20362,H,H,R,H,A,H,A,H,A,A
NA20412,R,R,R,H,R,A,H,R,H,H
NA20502,R,H,H,A,A,H,R,R,H,R
NA20503,A,A,A,H,A,R,H,H,H,A
NA20504,R,A,H,A,R,H,R,H,H,H
NA20505,H,H,H,A,A,H,H,H,H,A
NA20506,H,H,R,A,H,H,R,R,R,H
NA20507,H,A,R,A,H,H,H,R,R,A
NA20508,H,A,H,R,H,R,R,H,H,H
NA20509,R,A,R,A,A,R,R,H,R,H
NA20510,H,A,H,H,A,R,H,A,R,H
NA20511,R,A,R,H,H,R,R,H,R,H
NA20512,H,A,R,R,H,R,H,R,H,R
NA20513,H,A,R,R,A,R,R,H,H,H
NA20514,A,A,R,H,H,H,R,R,H,A
NA20515,H,A,H,A,A,H,R,H,R,A
NA20516,H,A,R,R,A,H,R,R,H,H
NA20517,R,A,R,A,A,H,R,H,R,A
NA20518,H,A,H,H,H,R,R,H,R,H
NA20519,H,R,H,H,H,H,R,R,R,A
NA20520,R,A,H,H,A,A,R,R,H,H
NA20521,H,H,R,R,A,R,R,R,H,A
NA20522,H,H,R,H,A,H,R,H,H,A
NA20524,H,A,R,A,A,R,R,R,R,H
NA20525,R,H,R,R,R,R,R,A,H,A
NA20527,H,R,H,R,A,H,H,H,R,A
NA20528,A,A,H,A,A,H,H,A,R,A
NA20529,A,A,A,H,H,A,H,H,H,A
NA20530,H,H,H,H,A,H,R,H,R,A
NA20531,R,A,R,A,H,R,R,H,H,H
NA20532,H,H,R,R,H,H,H,H,R,H
NA20533,H,H,R,H,A,R,H,H,H,H
NA20534,A,H,R,H,A,H,H,R,H,H
NA20535,H,H,R,H,H,R,R,H,R,A
NA20536,A,A,H,H,H,R,R,R,H,A
NA20538,H,H,R,R,H,R,H,H,R,A
NA20539,R,A,H,A,H,H,H,H,R,H
NA20540,H,A,A,A,A,R,H,H,R,H
NA20541,H,A,R,H,H,R,R,H,R,H
NA20542,A,H,R,R,H,R,H,H,H,A
NA20543,R,A,A,H,A,H,R,R,R,A
NA20544,R,A,R,A,H,H,R,H,R,H
NA20581,A,R,R,R,A,H,R,H,H,R
NA20582,H,A,R,H,A,A,H,R,H,A
NA20585,R,A,H,H,A,R,R,R,R,A
NA20586,A,A,H,H,A,H,H,A,R,H
NA20587,H,H,R,A,R,R,H,H,R,A
NA20588,H,A,R,H,H,R,R,H,R,A
NA20589,H,A,R,H,H,R,H,H,R,A
NA20752,R,H,R,H,H,H,H,R,R,R
NA20753,R,A,H,A,A,A,H,R,R,H
NA20754,R,A,H,H,A,R,H,R,R,A
NA20755,H,H,R,H,H,H,H,R,R,R
NA20756,R,A,R,H,A,R,R,R,R,A
NA20757,R,A,R,A,H,R,H,R,R,A
NA20758,H,A,R,A,A,R,R,H,H,H
NA20759,H,A,H,A,R,H,R,H,R,R
NA20760,A,H,R,H,R,R,A,R,R,A
NA20761,R,H,H,A,A,H,R,R,H,H
NA20762,R,A,R,H,H,H,H,R,R,A
NA20763,H,A,R,A,A,H,H,H,R,H
NA20764,H,A,R,A,A,R,H,R,H,H
NA20765,H,A,R,R,R,R,R,A,R,R
NA20766,R,A,R,A,H,H,A,H,R,R
NA20767,A,A,H,R,H,R,H,H,R,H
NA20768,R,H,R,H,A,H,R,R,H,A
NA20769,H,A,A,A,H,H,R,R,R,A
NA20770,R,A,R,H,H,H,H,R,R,H
NA20771,R,A,R,H,A,R,A,R,R,H
NA20772,H,H,H,A,R,R,H,R,R,A
NA20773,H,R,H,H,A,R,H,R,H,H
NA20774,R,A,R,H,A,R,R,H,H,H
NA20775,R,H,R,A,H,H,A,R,R,H
NA20778,R,A,H,H,H,H,H,R,R,H
NA20783,R,A,H,A,A,R,R,R,A,A
NA20785,H,A,R,H,H,R,H,H,H,H
NA20786,A,H,A,H,A,H,A,R,H,H
NA20787,H,R,R,H,A,H,H,H,R,H
NA20790,R,A,H,R,A,R,H,A,R,H
NA20792,A,A,R,A,A,H,A,R,R,A
NA20795,R,H,H,H,A,A,R,H,H,A
NA20796,A,A,H,R,H,R,A,R,R,R
NA20797,H,A,R,A,A,R,A,R,R,A
NA20798,H,H,H,H,H,H,H,A,R,H
NA20799,R,A,R,R,H,R,H,H,R,H
NA20800,A,A,R,A,A,A,R,R,R,A
NA20801,H,H,R,A,H,R,R,H,R,A
NA20802,R,A,H,H,A,R,A,H,R,A
NA20803,H,A,R,A,H,H,H,H,R,H
NA20804,R,A,R,H,A,R,A,H,R,R
NA20805,H,H,R,H,H,R,H,H,R,A
NA20806,H,H,H,H,A,R,R,R,R,A
NA20807,A,H,H,H,R,H,H,R,R,A
NA20808,R,A,H,H,A,H,H,R,R,A
NA20809,H,H,R,H,H,R,R,H,A,A
NA20810,H,R,A,H,H,A,R,R,R,R
NA20811,H,A,R,R,H,R,H,R,R,A
NA20812,R,A,H,H,H,H,R,H,R,A
NA20813,H,A,R,A,A,R,R,H,H,H
NA20814,H,H,R,A,H,H,R,R,H,H
NA20815,R,A,H,A,H,H,H,H,A,H
NA20818,R,A,R,R,H,H,R,H,R,A
NA20819,R,A,R,H,H,H,R,H,R,A
NA20821,R,A,R,R,H,R,H,H,R,H
NA20822,R,A,R,H,A,H,R,R,R,A
NA20826,R,H,H,A,A,H,R,H,R,H
NA20827,H,H,H,A,H,H,H,H,R,H
NA20828,R,A,R,R,A,H,H,H,H,R
NA20832,H,H,A,A,A,R,R,R,H,A
NA20845,H,A,H,R,H,H,A,A,R,A
NA20846,R,A,H,H,H,A,H,H,R,H
NA20847,R,H,R,A,R,H,H,R,H,A
NA20849,H,A,H,A,R,R,R,R,H,H
NA20850,H,A,R,H,H,R,H,H,A,A
NA20851,R,H,H,H,R,H,A,H,R,A
NA20852,A,H,H,H,H,R,A,R,R,R
NA20853,H,H,H,A,H,H,H,H,H,H
NA20854,A,A,R,A,R,A,R,R,H,H
NA20856,R,H,H,H,A,A,H,H,R,A
NA20858,R,A,H,A,H,H,R,H,R,A
NA20859,H,A,R,H,H,H,A,H,H,A
NA20861,R,H,R,R,H,R,H,R,R,A
NA20862,H,A,R,A,H,H,H,H,H,H
NA20863,R,H,A,H,H,H,H,R,R,A
NA20864,A,H,H,H,A,R,R,A,R,R
NA20866,R,A,H,H,R,H,H,R,R,H
NA20867,H,A,R,H,R,H,A,R,R,A
NA20868,R,H,R,A,H,A,A,R,H,H
NA20869,A,A,R,A,H,H,R,H,R,H
NA20870,H,H,H,H,H,R,A,R,R,H
NA20872,R,H,A,A,R,R,H,R,H,H
NA20874,H,H,R,H,A,R,A,R,R,R
NA20875,H,H,R,A,A,H,R,R,H,A
NA20876,H,R,A,A,H,H,H,H,H,H
NA20877,H,H,H,A,R,R,R,R,H,R
NA20878,A,H,H,A,R,H,A,R,R,A
NA20881,R,A,R,A,H,R,R,R,H,H
NA20882,R,H,H,H,H,R,H,H,R,H
NA20884,A,H,R,A,H,R,H,A,R,H
NA20885,H,A,R,A,R,R,A,R,R,A
NA20886,H,A,H,R,R,R,H,R,R,A
NA20887,H,H,R,H,R,H,H,H,R,H
NA20888,H,A,R,A,H,H,R,R,H,A
NA20889,H,R,H,H,R,H,H,R,H,A
NA20890,R,A,R,R,H,H,H,H,R,H
NA20891,R,A,R,A,R,H,A,H,H,A
NA20892,R,A,H,H,H,R,A,R,H,A
NA20894,A,A,H,R,R,H,R,R,H,H
NA20895,H,A,R,A,A,A,H,H,H,R
NA20896,H,R,R,H,R,R,H,H,A,A
NA20897,H,H,H,A,H,H,H,R,R,A
NA20899,H,H,H,H,H,H,R,H,R,A
NA20900,R,H,R,A,R,H,A,H,R,A
NA20901,R,A,R,H,R,H,H,H,H,H
NA20902,R,R,H,A,R,H,R,R,R,R
NA20903,H,H,H,A,H,R,A,R,R,A
NA20904,H,A,H,A,A,H,H,H,R,H
NA20905,H,H,R,H,H,H,A,H,A,R
NA20906,A,A,R,A,R,H,H,R,R,A
NA20908,A,H,R,A,H,H,H,R,H,A
NA20910,R,A,R,A,H,R,R,R,H,H
NA20911,R,A,H,A,H,H,A,R,R,A
NA21086,H,H,H,A,H,H,A,H,H,A
NA21087,H,R,H,H,R,H,H,R,H,A
NA21088,H,A,R,A,H,H,H,H,R,H
NA21089,H,A,R,A,H,R,A,R,R,H
NA21090,H,H,R,H,H,H,H,A,H,A
NA21091,H,A,H,A,R,A,A,R,H,H
NA21092,R,A,H,A,H,R,H,H,R,H
NA21093,R,H,H,H,R,A,H,R,R,H
NA21094,H,H,H,A,H,A,H,R,R,A
NA21095,R,A,A,H,R,H,A,H,A,H
NA21097,H,H,R,R,H,A,A,R,A,H
NA21098,H,H,A,A,H,H,H,R,H,H
NA21099,R,A,H,H,A,R,A,H,H,H
NA21100,H,R,H,A,H,R,A,H,R,H
NA21101,H,R,H,H,R,R,H,H,R,H
NA21102,R,H,R,H,H,H,H,H,R,H
NA21103,R,H,H,A,H,R,A,R,H,A
NA21104,H,A,R,A,H,H,A,H,H,A
NA21105,R,H,R,H,A,H,R,H,R,H
NA21106,R,A,R,A,R,H,H,H,R,H
NA21107,R,H,H,A,H,H,H,R,A,H
NA21108,H,H,H,H,H,H,H,R,R,H
NA21109,R,H,H,H,R,H,H,H,R,A
NA21110,H,A,R,A,R,A,H,R,H,H
NA21111,R,A,H,A,H,H,A,R,H,H
NA21112,H,H,H,A,H,R,A,H,R,A
NA21113,A,H,H,H,R,R,A,R,R,A
NA21114,A,H,R,H,H,H,A,R,R,R
NA21115,R,A,R,A,R,H,H,R,H,H
NA21116,R,H,R,R,H,R,H,R,R,A
NA21117,R,A,R,A,R,H,R,R,R,H
NA21118,H,R,H,R,H,R,H,R,H,H
NA21119,R,A,H,A,H,R,A,R,A,A
NA21120,R,R,H,H,H,A,H,R,R,H
NA21122,R,A,R,A,R,A,H,R,H,A
NA21123,R,H,H,H,H,R,H,A,A,H
NA21124,R,H,H,H,H,A,A,H,H,H
NA21125,H,H,H,A,A,H,H,R,H,R
NA21126,R,H,A,H,R,H,H,H,H,A
NA21127,H,H,H,A,H,H,H,H,R,H
NA21128,H,H,H,A,H,A,H,R,R,R
NA21129,R,H,R,A,R,H,A,H,R,A
NA21130,R,H,R,A,R,A,R,R,R,H
NA21133,A,A,R,A,H,H,H,A,H,H
NA21135,R,R,H,A,R,H,H,H,R,H
NA21137,R,A,R,H,H,R,A,R,A,A
NA21141,R,H,H,A,R,H,H,H,R,H
NA21142,R,H,H,A,R,A,A,R,H,A
NA21143,H,H,A,H,H,A,A,R,R,A
NA21144,H,H,R,H,H,H,H,R,H,H
