,O1V1,O2V1,O3V1,O4V1,O5V1
HG00096,R,HH,HAR,HARR,RRHHH
HG00097,A,HH,RHH,RRRA,RRHAR
HG00099,H,RR,HRR,RHHH,ARHAH
HG00100,A,RR,RRR,HHRR,AHHRH
HG00101,A,HR,RHH,RRRR,HHHRH
HG00102,A,AH,HAH,RRRH,RHARH
HG00103,H,HH,RHH,RAHH,HAAHH
HG00105,A,RR,HHR,RAHA,RRHHR
HG00106,A,AR,HAR,RHHR,RRHAR
HG00107,A,RR,HAH,RHHH,HRHRH
HG00108,A,AR,HRH,HARR,HAAHR
HG00109,A,AH,HAR,HHHR,HRHRH
HG00110,A,HA,RHR,RHRR,RRAHR
HG00111,A,RH,HAR,HHRR,HHARH
HG00112,A,RH,RHR,HARR,HHARH
HG00113,A,HH,HAR,HHRH,RHHRH
HG00114,A,HR,RAR,RHRR,RRRHH
HG00115,H,RR,RHR,RRRA,ARHRH
HG00116,A,HR,RRH,RARH,RHHHH
HG00117,H,AR,HAR,HHRA,RHARR
HG00118,A,HR,RHH,AHRH,RHHHR
HG00119,A,RH,RAR,RRHA,RAHHH
HG00120,A,HR,RAH,RHRA,HHHHA
HG00121,A,AH,RAH,ARRH,RRHRR
HG00122,A,HR,RHR,HRRR,RHARR
HG00123,H,RR,RAH,HAHH,ARAAH
HG00125,H,HR,HAH,HHRR,HAAAH
HG00126,A,RR,RRR,RARH,RHHAH
HG00127,H,RR,HAR,HHHH,HRHAR
HG00128,A,HH,RAR,HRHH,RRHHR
HG00129,A,RR,RHR,AHRH,HAAAH
HG00130,A,HR,RAR,RHHH,HHHRR
HG00131,A,RH,AHR,ARRR,RRHRH
HG00132,A,HR,HAH,HRRH,RHRHH
HG00133,H,HR,RHA,AHRA,AHAHH
HG00136,A,RR,HHR,HHRA,HRRHA
HG00137,H,RR,RAH,RRHR,HRAHR
HG00138,H,RA,RAR,HARA,HRRHH
HG00139,H,HR,HAR,HHAR,RHRHR
HG00140,A,HR,AAR,HHHH,HRAHH
HG00141,A,RH,RHH,RRHR,HHHRH
HG00142,A,RR,RAH,HHRR,HHAHH
HG00143,A,RH,HRR,HRRH,ARRRH
HG00145,A,HA,RAR,HARH,HRAHR
HG00146,A,HR,HAR,AHRH,RRHRH
HG00148,A,HR,RAR,RHRH,RRHRR
HG00149,A,HR,RAH,HHRH,RRAHH
HG00150,R,RR,HAH,RARH,RHRHR
HG00151,A,HR,HRH,RARR,RHHRH
HG00154,H,HH,RHR,HHRH,RHHRH
HG00155,A,AR,AHR,HHRA,RHHAH
HG00157,A,HR,AHH,AAHA,RARHR
HG00158,A,RR,RAH,RHRR,RRHAR
HG00159,H,AR,HAH,HARH,HHHRH
HG00160,A,HR,HHH,RARH,RAHAH
HG00171,A,RR,HAH,HARH,HHRRR
HG00173,H,RH,RAR,RHHA,HHHHH
HG00174,A,AR,RHR,RHRH,RRRRH
HG00176,H,HR,HHR,RHRH,HRRHA
HG00177,H,HR,RHR,RHRH,HRRRA
HG00178,H,RR,RHR,HHRA,RHRHR
HG00179,A,RR,HHR,RHRH,RHRHH
HG00180,A,HR,AAH,HRAR,RRHRR
HG00181,H,HR,RAH,RHHA,RRRHR
HG00182,A,AH,RAH,HHRH,RHRRH
HG00183,A,HR,RAR,HRRR,HHAHA
HG00185,A,RR,RAR,ARRA,HHRHH
HG00186,H,HH,RAR,AAHR,RRRRR
HG00187,H,HR,RAH,HRRA,HRRRH
HG00188,A,HR,RHR,RHRR,ARRRR
HG00189,A,RH,RAR,HRHH,RRRRH
HG00190,A,HR,RAR,RHRH,RRARR
HG00231,H,RH,RAH,RRRH,RHHRH
HG00232,A,HH,HAH,HARH,HHHAH
HG00233,H,HR,HHR,HAAH,HRHHR
HG00234,H,RR,RAH,HHHR,HRHHH
HG00235,A,HR,HHR,RRHA,AHRRH
HG00236,A,HH,AHH,RHRR,RHHRH
HG00237,A,RH,HHR,RARA,HRHRR
HG00238,A,AH,RHH,RARH,RHHRH
HG00239,H,HH,RAH,RRHR,HAHHH
HG00240,A,HH,AHR,RAHA,HRHHH
HG00242,A,HR,RAR,HAHH,RHRAR
HG00243,H,AR,HAR,RHRH,HRHHH
HG00244,A,AH,RRH,RHHA,HHARR
HG00245,A,HA,RHH,HAHR,ARRHH
HG00246,H,HH,RAR,AHRH,HHHRR
HG00250,R,HR,RAH,HHRH,RRHRA
HG00251,A,HH,RAR,HRRH,RHRRR
HG00252,A,HH,HAR,RHAR,RHAAH
HG00253,H,HR,RAH,RHHR,HHHRH
HG00254,A,HR,HAR,HARH,HRHAH
HG00255,H,HR,HAR,HRHH,ARHHH
HG00256,A,HH,RHH,HHRR,HHARH
HG00257,A,HH,HHR,RRRA,HRHRH
HG00258,A,RR,RAH,RHRH,HRARH
HG00259,A,HR,RHR,RRRR,RHHAR
HG00260,A,HR,RAR,RHRR,RRHHR
HG00261,A,HH,HAR,RHRA,HHRRR
HG00262,H,HR,RHR,RHHH,HHRHR
HG00263,A,RH,RAH,RARH,RAARH
HG00264,A,HR,RAH,RHHH,RHAHR
HG00265,H,RR,RHH,RHHH,ARRHH
HG00266,A,RR,RHR,AHHH,HAHHR
HG00267,A,RR,HHR,HARA,HHHHH
HG00268,H,RR,RHR,HHRH,HRARR
HG00269,A,AA,RAH,RHRR,HRHRH
HG00271,H,HR,HAR,HHHR,RHHRA
HG00272,R,RR,HAH,ARRA,HRHAH
HG00273,A,RR,RAR,HHRA,AHHAH
HG00274,H,RH,RAR,AAHR,RRHHH
HG00275,A,AR,RRR,RHRH,HHHHH
HG00276,A,HH,RAH,RRRR,RHAAR
HG00277,A,AR,HAH,HAHH,HHARH
HG00278,H,HR,RHH,HHAR,HRHRA
HG00280,H,HR,HHH,AHHH,HHRAA
HG00281,H,HH,RAH,AHHH,RRHRH
HG00282,A,RR,RHR,HAHR,HRHHH
HG00284,A,HR,RAR,RHHH,ARHHH
HG00285,A,RH,HAH,RRHR,HRHRR
HG00288,H,AR,RAR,RHRA,HRHRR
HG00290,A,HR,AAH,ARHH,HRHRH
HG00304,H,AH,RHR,AARR,HRHAR
HG00306,A,HH,HAR,HRRH,HHARH
HG00308,H,RR,HRR,RHRH,RHRRH
HG00309,H,RH,HAH,ARRR,HRHHH
HG00310,H,HR,RHH,RHRR,HRARH
HG00311,H,RR,RRH,HHRH,RRHRA
HG00313,A,HH,RRR,HRHH,HARRH
HG00315,R,HH,RHH,HHRH,HRHRR
HG00318,A,AR,HHR,ARHR,HARHH
HG00319,A,HR,RAH,RRRH,AHAHH
HG00320,A,RH,RHA,ARHH,HHRHR
HG00321,A,AA,RAR,HARH,HHHAR
HG00323,H,HH,RHR,HHHA,HAHRA
HG00324,H,RR,RHR,HHHH,RRARH
HG00325,A,HR,HHH,HARR,HRHRA
HG00326,A,RR,HAH,RHRR,HRHHR
HG00327,A,HR,HAR,HAHA,HRHRH
HG00328,A,AA,HAH,HHRR,HHAHA
HG00329,A,RH,RRH,RAHH,RRHRR
HG00330,H,RH,HHR,HHRH,HRARH
HG00331,R,HR,RAR,HRHH,HRHRH
HG00332,A,HR,RHR,RAAH,RRARH
HG00334,H,HR,RHH,RHRH,RHRRR
HG00335,A,HH,HHH,HRHR,ARHRR
HG00336,H,HR,RAH,ARHH,AHHRR
HG00337,A,HH,RAH,HHRR,RHRRH
HG00338,A,HR,HRR,RHRR,HRHRR
HG00339,H,AR,HAH,RHRA,HHRRH
HG00341,A,RH,AAH,HRRA,RHHRA
HG00342,A,RH,RHH,HHRH,RHHRR
HG00343,A,AR,HHR,RARR,HHRHH
HG00344,A,RR,RHR,HARR,HAHHH
HG00345,A,RR,HHH,RRRR,RRRHH
HG00346,A,AR,AHR,HHRH,RRRRR
HG00349,H,RH,RAH,RHHR,HRHRA
HG00350,A,HH,HAH,HRHA,HHHHR
HG00351,A,HR,HAR,RHAH,ARHHR
HG00353,A,HR,RHH,RHRA,RHRRR
HG00355,A,AR,HHR,RARR,ARHRR
HG00356,H,HR,HAR,HRHH,HRHHR
HG00357,H,RR,RHH,HHRH,HHHRR
HG00358,R,RR,HHH,HHHH,RRHRA
HG00360,H,HR,HHR,HRRR,HRHHH
HG00361,H,HA,RAH,HRHH,RRRHH
HG00362,A,HR,RAR,RARH,AHAAH
HG00364,A,RH,HHR,HHHH,HHARR
HG00365,H,HR,RAR,HARR,RRRHR
HG00366,H,RR,RAH,RHRR,RRHHA
HG00367,H,HH,HAR,RRAH,HRARH
HG00368,A,RA,RHR,AAHH,RHHHR
HG00369,A,RR,RRR,RRRR,RARHA
HG00371,H,HR,RHR,RHAR,AHAHH
HG00372,H,HR,RAR,AAAH,HRRAR
HG00373,H,HH,AHH,HARR,RHRHH
HG00375,H,RR,AAH,HHRH,HRAAH
HG00376,H,AR,RAR,AARR,RRRRR
HG00378,H,HR,HHH,RARA,HHRRH
HG00379,A,RR,RAR,HHHR,HRRRH
HG00380,A,HH,RHR,RHRA,HHRHH
HG00381,R,HR,HHR,RRAH,HRHRH
HG00382,A,RR,HHR,HHHH,RRRHA
HG00383,A,HH,RAR,HHHR,AAHRR
HG00384,A,AR,RHR,RHRH,HAAAH
HG00403,A,RR,RAR,RHAR,HRRHH
HG00404,A,HR,RAH,HRRH,AHRRH
HG00406,H,HH,RAR,HRAR,AHRRR
HG00407,A,RH,RRR,HHRH,ARRRR
HG00409,H,AA,HAR,AHHR,HRRHH
HG00410,H,HH,RAR,ARRH,RHRHH
HG00419,H,HA,RAH,ARRH,ARRHR
HG00421,H,RR,RAR,HARR,AHHRH
HG00422,A,RH,HAR,HRRH,HHRRA
HG00428,A,HH,HAR,AHHH,HRHHR
HG00436,H,HH,RHR,AAAH,HRRRA
HG00437,H,AR,RAH,RRHR,AHRRH
HG00442,H,HH,RAH,RRRH,RRRHA
HG00443,H,RH,RAR,HHRH,HRAHA
HG00445,H,RH,HHR,HHHR,ARHRR
HG00446,H,RR,HAH,ARHH,HRRAH
HG00448,R,RH,HAR,HHRH,HRRRA
HG00449,A,HR,RAR,ARRH,HRHAA
HG00451,A,AH,RAA,HRAR,AHRHA
HG00452,A,RR,HAH,RHHA,ARRRR
HG00457,A,HH,RAR,AAHA,AHRHA
HG00458,A,RH,HAH,ARHR,ARHRA
HG00463,H,HR,RAR,AHRH,HRHAR
HG00464,H,RH,RAA,ARRA,HRRHH
HG00472,H,AR,HHH,HHHR,HRRRR
HG00473,H,RR,HAR,HRHA,HRRRR
HG00475,H,AR,RAR,HHRA,ARRAR
HG00476,A,RH,RAR,ARHR,HRHHR
HG00478,H,HR,RAH,HRRA,ARRAH
HG00479,A,RR,RAR,AHHH,HRAHA
HG00500,H,HH,RAH,HRHH,HHRRH
HG00513,A,RH,RAH,RRAA,AHRRR
HG00524,H,HH,RAH,ARHH,ARRRA
HG00525,H,HR,RAR,RHHH,HHRHH
HG00530,H,HH,HAH,RRRR,ARRRH
HG00531,H,AR,RAH,HHAA,HRRRR
HG00533,A,RH,RAH,ARHH,HRHRH
HG00534,H,HR,HAH,RHHA,HRRHR
HG00536,H,RR,RAR,HARR,HHHRH
HG00537,H,RR,RHH,ARRH,ARHHH
HG00542,A,HH,RRR,HHHA,HRRHH
HG00543,A,AR,RAR,HHAH,HRRRH
HG00551,H,RA,HAR,RARH,AHHRH
HG00553,H,HR,HAR,RRHA,RHHRH
HG00554,A,HH,RHH,AHHR,RAHHH
HG00556,A,RH,RAH,HHHR,AHHHA
HG00557,A,RH,RHR,ARRR,HHAHR
HG00559,H,RH,RHR,HRHA,ARHHH
HG00560,A,RR,HAH,RRHH,HHRRH
HG00565,H,HR,RHH,HRRH,ARRRH
HG00566,A,HH,RAR,ARHH,ARRRH
HG00580,H,RR,RAR,HHRA,HHRRR
HG00581,A,RR,HAH,ARRH,ARRRA
HG00583,A,RR,RHR,HRHH,RRHHH
HG00584,A,HR,RAR,RHAH,HAARH
HG00589,H,HH,RAR,AHAH,HRRHH
HG00590,A,HH,RHH,HRRH,HRHRA
HG00592,A,RH,RAR,RARH,HHHRH
HG00593,H,HR,HAR,ARAH,HHRRH
HG00595,A,RR,RHR,RHRH,ARRRH
HG00596,H,RH,HHH,AARA,RHRRR
HG00598,A,HR,RAR,RRHH,HRHRA
HG00599,A,HR,HRR,RRRA,HHARA
HG00607,A,RR,HHH,RRRR,ARRRH
HG00608,A,RR,HAR,RHRR,HHRHA
HG00610,A,HH,RHH,RRHA,HHRRR
HG00611,H,HH,RAH,HRRH,ARRRR
HG00613,A,HH,RAR,RHRR,HHHRA
HG00614,A,RA,HAH,HHAA,HRRHH
HG00619,H,AH,AAR,HHRH,AHHRA
HG00620,A,HH,HAA,ARHH,HRRHR
HG00622,A,HR,HAH,HRHA,HRHRR
HG00623,A,HR,RAH,HRHR,HRRAA
HG00625,A,RH,RAR,HRAA,RRRRR
HG00626,A,AR,HAR,HRRA,HRHHR
HG00628,A,RR,HAR,RHRH,ARRHH
HG00629,A,RR,HHR,HRHH,ARRHR
HG00631,H,HH,RAR,HRHH,ARRRA
HG00632,A,RR,HAR,RRRR,HHRRA
HG00634,A,HH,RAR,AHRH,HAHRA
HG00637,A,RR,AAH,HRHH,AAARH
HG00638,H,HR,RHH,HRRA,HHRAR
HG00640,A,HH,HHR,HHRH,RHAHH
HG00641,A,RR,HAR,ARRR,HHHRR
HG00650,A,RR,HAH,AHRH,AHRAA
HG00651,A,RH,RAR,HHRH,HRRHH
HG00653,R,HR,HAR,ARRH,HRRRH
HG00654,A,AA,HAA,ARRR,HRRRR
HG00656,A,HH,HAR,RRHH,ARHRH
HG00657,H,RR,AAR,HRAR,HRRHA
HG00662,A,RH,RAH,RRHA,HRHRR
HG00663,R,HH,HAH,HRRA,HRRHH
HG00671,H,RH,HHA,RRHH,HRRRR
HG00672,H,RR,RHA,ARRR,HRRHH
HG00674,A,HR,RAH,HRRH,AHHRH
HG00675,A,HR,HAR,AHHH,ARAHR
HG00683,H,HR,RAR,RHAA,ARRRR
HG00684,H,HH,RAR,AHAH,HHRRR
HG00689,A,RR,RHR,HRRA,AHRRH
HG00690,R,HA,AHH,HHHH,HHRRH
HG00692,H,HR,RAH,HAHH,AARRR
HG00693,H,HR,RAH,HHRH,ARRHR
HG00698,R,RR,RAR,HRHH,HRRRR
HG00699,H,HH,RAR,HHHH,ARRHA
HG00701,A,RR,RAR,AHAA,ARRHA
HG00704,H,RR,RAR,HRHH,ARHHR
HG00705,H,HA,RAR,HHHA,HRHHA
HG00707,A,HR,RHR,HHHH,AHHHH
HG00708,A,HR,RAH,RHHA,ARHRR
HG00717,A,HH,RHR,RRHH,HRRHR
HG00728,A,RH,HAH,RHHH,HRARH
HG00729,A,RA,HAR,HRAR,HRHRH
HG00731,H,HR,HAH,RHRH,ARHHH
HG00732,A,RR,RAH,HAAA,RHHRH
HG00734,A,RR,HHH,HHHH,HHHRA
HG00736,A,HR,RHR,HHAH,HARHR
HG00737,A,HH,RRA,RAHH,RHARR
HG00739,A,RR,RHR,RRAH,HHHRH
HG00740,H,HH,HRR,RARH,HRHRR
HG00742,A,HH,HAR,RHRH,HHHHH
HG00743,A,HR,RAR,HARA,HRARH
HG00759,A,RR,HAA,HRRR,HRHRR
HG00766,A,HH,HAA,AHHR,HRRRH
HG00844,H,RR,RAR,AHHR,ARRAR
HG00851,A,RH,HHR,ARHA,HHRHH
HG00864,A,RR,HAR,ARHR,HRRRH
HG00867,H,RH,RAH,RRRH,HRRRR
HG00879,A,RR,RHR,HRHR,ARRHR
HG00881,A,RR,HHH,HRHR,HRRRH
HG00956,H,HR,HAR,HRRR,ARHRR
HG00978,A,HR,RAH,ARHH,ARRRH
HG00982,A,HA,HAH,HRHH,ARRHA
HG01028,A,HR,HAR,HHHA,ARRRH
HG01029,A,HH,RAR,HRHH,AHHRH
HG01031,A,RH,RAH,HRRH,HRRRH
HG01046,H,HH,AAR,HRHA,HRRRR
HG01047,A,RR,RAR,HRRH,HHHRR
HG01048,A,HR,RHH,AHRR,HHHHR
HG01049,R,HR,RHR,HHRH,RHRRR
HG01051,H,HR,RAR,HHRH,HHHRH
HG01052,H,RH,RHR,HAHH,HRAHR
HG01054,H,HA,HHA,RHHH,HHRAA
HG01055,H,RR,HAR,RHRR,HRHAR
HG01058,A,RH,RAR,RHHH,RRRHR
HG01060,A,HH,RAR,RHAH,RHRRR
HG01061,A,HH,RAR,RRHH,AHAHH
HG01063,H,HR,AHR,HHRH,HRRRR
HG01064,H,HR,RAR,AHRA,HHAAH
HG01066,A,HR,RHR,RAHH,RHHRR
HG01067,A,HH,RHR,RHRH,RHHRH
HG01069,H,RR,RAR,ARAA,RHHRR
HG01070,A,RH,HAR,RHAR,HHHRA
HG01072,A,HH,RAR,HRHR,HRRRH
HG01073,A,HR,HHR,RAHH,RAHRH
HG01075,H,HH,RHH,HARR,RHRHR
HG01077,A,HR,RAR,HARA,RARRR
HG01079,A,HR,RAA,HHAR,RRARH
HG01080,A,RH,HAH,RHRR,RARRH
HG01082,A,HR,AHR,RHHH,RHRAA
HG01083,A,HR,RHR,AAHR,HHRRR
HG01085,A,RH,RAR,HAHA,HHHRA
HG01086,H,RH,RAH,HHHR,HHHRH
HG01088,A,HR,HHR,AARH,RHAHH
HG01089,A,HR,HHR,RHHH,HHHRA
HG01092,R,HH,HAH,HHHH,ARAHA
HG01094,R,HA,HAR,RRHR,HAHRR
HG01095,A,RH,RHR,RRRR,HRHRH
HG01097,A,HR,HAH,HARH,RHRRR
HG01098,H,HR,HRR,HARH,RRAHR
HG01101,A,HR,AHH,HRRH,HRRRH
HG01102,A,AH,HAR,RHRH,RARRR
HG01104,H,RA,RAR,HRHH,RHAHA
HG01105,R,HR,HAH,RHHA,RHAAR
HG01107,A,HH,RAR,HRRH,AHARH
HG01108,A,HR,AAH,ARHR,AHHHR
HG01110,A,HR,HAR,HHRA,RHRRR
HG01111,H,HR,AHR,RHRH,RRHRH
HG01112,A,AR,RHR,HHHH,HRAHR
HG01113,A,HH,HHR,RHRH,ARRRR
HG01119,H,AR,HHR,RARR,RHRHR
HG01121,A,RH,RHR,HHHH,HRHRR
HG01122,A,HH,RAR,HRHA,RRHRH
HG01124,A,AH,RHR,RHRH,ARHHH
HG01125,A,HH,RAR,HARR,HHRHR
HG01130,A,RR,RAR,RARR,AHHRH
HG01131,A,RR,RHR,HHHH,RHAHR
HG01133,A,RR,RHH,RHRH,HAARH
HG01134,A,HR,RRR,HHHA,ARARR
HG01136,H,AR,AHR,HRRH,HRARH
HG01137,A,HA,HAH,AHRH,ARAHH
HG01139,A,HH,HHH,HHRH,HHAHR
HG01140,A,HH,RHH,RARH,HRARH
HG01142,H,RH,RAH,HRRH,HHARH
HG01148,A,RR,HAR,HRHH,HHHHH
HG01149,A,RH,AAR,HAHH,HRRHR
HG01161,A,HH,HAH,HARR,RRAHA
HG01162,A,RR,HHR,RHHH,HRHHH
HG01164,H,RR,HHH,RARA,AHRRR
HG01167,A,HR,HAH,RHHH,HRRRH
HG01168,H,HR,HHR,RHHR,HAHRH
HG01170,A,HR,RRH,RRRA,RHARH
HG01171,A,AR,HHR,RARH,HRRAR
HG01173,H,HR,HRR,AARH,RHHAR
HG01174,H,AR,RAR,RHHH,RHHRH
HG01176,H,HR,HAH,RRRA,HHHRR
HG01177,A,HH,RHR,RHHA,AHHRH
HG01182,H,HH,RAR,HRRR,HRHHR
HG01183,H,HA,HHR,HRRH,AARRR
HG01187,A,HH,RAA,RRHH,HHHRA
HG01188,A,RR,RAR,HHRH,HHRHH
HG01190,H,AH,HAR,RHRH,HRRRH
HG01191,H,HR,RRH,RHHR,HHHRA
HG01197,A,RR,HHR,HARH,AHHRH
HG01198,H,HH,RAR,HHRH,HRRRH
HG01200,H,HR,HHH,HHRH,RHHHH
HG01204,H,RR,HAR,RRRA,AHARR
HG01205,A,HH,HHR,RHRR,HHRHH
HG01241,A,RR,HAR,RHRH,RHHRR
HG01242,H,HR,RAH,HRHA,HHHRH
HG01247,A,RR,RAR,RHHA,RAAAR
HG01248,H,HH,HAH,HRRH,RHAAH
HG01250,A,HR,HHR,RHRH,HRRRR
HG01251,A,RR,HHR,RAHA,ARHHR
HG01253,A,AH,HAR,RHHH,RHHRH
HG01254,A,HR,HRH,RHHA,HRAHR
HG01256,R,RH,RAR,RRHH,HRHHR
HG01257,A,HH,HHH,RHHR,HRRRH
HG01259,A,HH,HAH,ARHA,RHHHR
HG01260,A,RR,RHR,HHAA,RHHHA
HG01269,A,HR,RAR,RRHA,HRHRR
HG01271,H,RR,RAR,HRRR,RRAHH
HG01272,H,RH,RHR,HRRA,RHARH
HG01275,A,RH,HRR,RHRA,RARRR
HG01277,A,RR,HAA,HHRR,HHRRH
HG01280,H,HR,HAH,HRRH,RAHHH
HG01281,A,RR,RAR,HHRR,RHHHH
HG01284,A,HH,RAH,RRHR,RHHRR
HG01286,A,RR,HHR,HRRH,HHHRR
HG01302,A,RR,HHR,HRRH,HRHRR
HG01303,H,RR,HAA,RRHH,RHRHR
HG01305,A,RH,RAR,RHRH,RARRH
HG01308,H,HR,HRR,HRRR,HHARH
HG01311,A,AH,RHR,RAHR,HHARH
HG01312,A,HR,RHR,HHHH,AARAR
HG01323,H,AR,HAR,HRRH,HHHHH
HG01325,A,RR,RAH,HARH,HRHHH
HG01326,A,RR,RHR,HRAA,HHRRH
HG01334,A,HR,RHR,RAHR,RHHHR
HG01341,A,HR,HHR,HHRR,RRRRA
HG01342,A,RR,HAR,HARH,HRRRA
HG01344,A,RH,RHH,HHHA,HHRRA
HG01345,A,RH,HAR,HHAR,RRRHH
HG01348,A,RR,HHR,RRHA,AHHRH
HG01350,H,HR,HHH,HARA,RRRRH
HG01351,H,AR,HAR,RARR,RRRRR
HG01353,A,HR,RHR,HHRH,RRRRH
HG01354,H,HR,RHH,RHRH,RRHRR
HG01356,A,HR,HHR,RHRR,HHARR
HG01357,H,RH,HAH,RHHA,RRRRA
HG01359,H,HR,HAH,ARHR,HRHRH
HG01360,A,HH,HHR,RRRR,AHAHR
HG01362,A,RH,HHR,RHRH,ARHHH
HG01363,A,HH,RAA,HRRH,HRHRR
HG01365,H,RR,RHR,HRRR,AHHHA
HG01366,H,HR,RAR,RHRH,RRHRA
HG01369,H,RR,RHH,RAHR,HRRRR
HG01372,H,HH,HAR,RHHH,RHRRR
HG01374,A,HR,RAR,RHRA,RAARR
HG01375,A,RH,HHR,HHHH,HRRAR
HG01377,A,RR,RAR,RRHR,RRARH
HG01378,H,HR,AAR,HHRH,RHHHR
HG01383,H,HH,HAA,HRRH,HAHHH
HG01384,A,HR,RAH,HHRR,HHRHR
HG01389,A,RR,HHR,RARA,HHHHH
HG01390,A,AR,HRH,AHRR,HRHHH
HG01392,A,HR,RHH,HAAH,HHAHR
HG01393,A,RH,HAH,RRRA,HHHRA
HG01395,A,AH,RAR,RRHH,HHHHH
HG01396,A,HR,HHH,RHHR,RAHAR
HG01398,R,AH,HAR,HAHH,RRARR
HG01402,A,HH,HAH,HAAH,HHARH
HG01403,A,RR,AAR,RHHR,RAARR
HG01405,A,RR,HAR,HHHH,RHRRA
HG01412,H,HH,HAR,HRRH,ARHHH
HG01413,A,RH,RHR,HHHA,HHHRR
HG01414,A,HR,HAR,RHHA,ARHRH
HG01431,A,HH,RAR,AHRH,HHHRH
HG01432,A,AH,HHH,HRHR,HAHHH
HG01435,H,HR,RHH,RRHA,HHHRH
HG01437,H,HH,HHH,RHRA,HRAHH
HG01438,A,RR,RHR,HRRH,AHRHR
HG01440,H,HH,RHR,RRHH,HRAHR
HG01441,A,RH,RAR,HHHR,RAHRH
HG01443,H,RR,RAH,HHHA,HRARR
HG01444,H,HR,HHA,RRRR,AHRRR
HG01447,A,RR,HAR,HHRA,RRRRH
HG01455,A,RR,HHR,RHRH,RRARR
HG01456,A,RR,RAR,RHRR,HHHHH
HG01459,H,AA,HHR,RRRH,HHRRH
HG01461,A,RR,RHR,HRRA,RHARH
HG01462,R,RR,HAR,RHRR,RRRHR
HG01464,A,HR,HHR,HHRH,ARARR
HG01465,H,AH,RAH,RHRH,HARAH
HG01468,A,HH,RAH,RARH,ARHRR
HG01474,A,AR,RAR,RAAH,HHHHR
HG01479,H,RR,HAR,HHHR,AHHHR
HG01485,A,RR,RAH,HHHR,RRHHH
HG01486,H,RH,RAR,RHHA,RRHRH
HG01488,R,HR,RAH,HRHH,RHHRH
HG01489,H,RR,RHR,RRRH,RAARR
HG01491,R,RH,RHR,RRHA,RRHAH
HG01492,A,HH,HHH,RHRA,RARHR
HG01494,R,RR,HAH,HRHA,RRHRR
HG01495,H,RH,RHH,RRRA,HRRHH
HG01497,A,RH,AAR,HRHH,HHRRR
HG01498,A,RR,RRH,HHHH,HRRRA
HG01500,A,HA,HHA,HHHR,RAHHR
HG01501,A,RR,RAR,HHHH,RHARH
HG01503,H,RR,HAR,AHRH,RHARH
HG01504,A,RR,RHH,AHRA,RRARA
HG01506,A,RH,RRR,HHHR,HRHAH
HG01507,H,HR,RAR,RARA,RRHAR
HG01509,A,AH,RRR,RHHH,RRHHH
HG01510,H,RH,HAH,HARA,HAHRR
HG01512,A,HR,HHR,RHHH,HAAHR
HG01513,A,AH,HRR,HRRR,RHHHH
HG01515,A,RR,RHR,HRRH,RRHRH
HG01516,H,RR,HAR,HRHH,HHRHR
HG01518,A,HH,HHR,RHRH,RHHRH
HG01519,H,HR,HHH,RAHH,RRHAH
HG01521,A,HH,RHR,HHHH,RHHHH
HG01522,A,RH,HAH,HHHH,RHAHR
HG01524,H,RR,RAR,RRRA,HAHRR
HG01525,H,HR,RAH,HRRA,HHHAR
HG01527,H,RR,HAH,HHRR,HRRHH
HG01528,A,AR,RHR,HHRH,HHARR
HG01530,A,RR,RAR,HHRH,RAHRR
HG01531,A,RR,HAH,HHRA,AHHHR
HG01536,A,HR,HAR,RRAH,HRAAH
HG01537,A,AR,RAR,HRHR,RHARH
HG01550,A,AR,RHR,HHHA,HAHRH
HG01551,H,RH,RAR,RRRR,HRRAR
HG01556,A,HR,RAA,HRAH,HHHRR
HG01565,A,RR,AHH,RAHR,RRRHA
HG01566,H,HH,RAH,RRHR,RRHHR
HG01571,A,RR,RAR,RRHA,HHHHR
HG01572,A,HR,RHR,HRAA,RRHRR
HG01577,A,HA,HAR,HRHH,HRRRH
HG01578,A,RR,RAH,RRHA,RHRHR
HG01583,A,RH,RHR,HHHR,AHHRA
HG01586,H,HR,AAH,HRRR,AHHRA
HG01589,R,HA,RAR,RRRR,HHRRR
HG01593,H,RH,RHH,RARH,HHRHH
HG01595,A,HR,HAH,ARRH,ARHHR
HG01596,H,RH,HHA,HRHH,HRHRH
HG01597,H,HR,RHR,HRHH,ARRRA
HG01598,H,HA,HHR,HHHH,ARRAH
HG01599,H,RH,HHH,AHHA,HRRHH
HG01600,H,HH,RAH,RRHA,ARHRH
HG01602,A,RR,RAR,RHRA,AHHRR
HG01603,H,HH,RHR,RHRH,HHHHR
HG01605,A,RR,RHH,HHRA,RRRHH
HG01606,A,HR,HAR,RHRH,RRARA
HG01607,A,HR,HAR,HRRR,HHRRH
HG01608,H,HH,RAR,HAHR,HRARA
HG01610,A,HR,HHA,HHRH,HHARH
HG01612,A,AR,RHR,HHHH,HHHRA
HG01613,A,HR,RAH,RAHR,HAAHH
HG01615,A,AH,AAH,HAHA,RAHHH
HG01617,A,AH,HAH,HHRH,HRHRH
HG01618,A,AH,HAR,HHHR,RRHHR
HG01619,A,RH,HAR,RHRH,RRHHH
HG01620,H,HH,HAR,RARA,HRHRH
HG01623,A,HH,RAR,RRRR,ARARR
HG01624,A,RR,RHR,HHRH,HRHHH
HG01625,A,HR,HHR,HAHH,RHHHR
HG01626,A,RR,RAR,HAHA,RHHRA
HG01628,A,RH,RAR,HAHR,RHHHA
HG01630,A,RR,RAH,HHRA,HHHHR
HG01631,A,AH,RAR,RHRH,HRHHR
HG01632,A,HR,RAH,RHHH,HHHHH
HG01668,H,HH,HAR,ARRH,HRARR
HG01669,R,AH,RHR,HARR,ARHHA
HG01670,H,HH,RRR,HRRR,RHHRH
HG01672,A,AR,AAR,HHRH,HAHRH
HG01673,A,RR,RHH,HARR,RHHRH
HG01675,H,RA,RHR,HHRR,HRHRR
HG01676,A,HR,RHR,HARA,RHHRA
HG01678,A,RR,RAR,RHHH,HARRH
HG01679,H,AH,RAA,HARH,RRHRH
HG01680,H,HR,RAA,RHRR,HRARR
HG01682,A,HH,AHH,AAHA,HAHHH
HG01684,A,HR,RAR,ARRR,HRAAH
HG01685,A,HR,RAR,RARR,RHARH
HG01686,H,RR,RAR,HARH,RHHHR
HG01694,A,AR,HHR,AARH,RHHHR
HG01695,A,HR,RAH,RHRA,RHRRR
HG01697,H,RH,HAR,HHRR,AHHHA
HG01699,A,RR,RAR,RRHH,HHHHR
HG01700,H,HH,RHH,HAHR,HARRR
HG01702,A,HR,HAR,RRHR,HRRHH
HG01704,A,HH,HHH,RRRH,RHHRH
HG01705,A,AH,RRA,RHRH,AHRHH
HG01707,A,RR,HHA,HHAR,HRAHH
HG01708,H,RR,RHR,HHRH,RRRHA
HG01709,H,HR,RAR,HRHH,HRRRH
HG01710,A,RR,HHH,AHHA,ARHHR
HG01746,A,HR,RHR,RARR,HRHAH
HG01747,A,RR,RAR,RHRA,HHARR
HG01756,A,HR,HHR,HHHH,RHHRH
HG01757,H,RH,RAR,RAHA,HHHRH
HG01761,H,RR,HRR,AARR,HHHHR
HG01762,A,HR,RHR,HARR,HHHRH
HG01765,A,HH,RHR,AHRR,HHARA
HG01766,A,AR,RHR,HHHA,HHRRR
HG01767,A,RR,RAR,HHRH,AHAAH
HG01768,A,HH,RAR,HRRH,RHRRH
HG01770,A,HR,HHR,RRRA,RRAHH
HG01771,A,AR,RAH,RRHH,AHHHH
HG01773,A,AR,HHR,RARH,ARARR
HG01775,H,RR,HAR,HARH,ARAAH
HG01776,A,RR,HAH,RARA,RHHHA
HG01777,A,AR,HHA,RARR,RHHHH
HG01779,R,RR,HHH,RHRH,AHHHH
HG01781,A,AR,RAH,HHRH,RARRR
HG01783,A,HR,RAR,RARH,ARHRR
HG01784,A,RH,RHR,HARA,RHRRR
HG01785,H,HR,HAR,HHRH,RHRRH
HG01786,A,RH,HHH,HHRH,HAHHR
HG01789,A,HH,HHR,HARH,HHRRH
HG01790,A,AR,RAR,RARH,RRHHH
HG01791,A,RH,RAH,RAAH,HHAHH
HG01794,H,HH,RAA,RRRH,ARRHR
HG01795,A,HR,RAR,ARHH,ARRHR
HG01796,R,RH,RAR,RRHH,HRRHR
HG01797,A,RR,RAR,HRRA,ARRRH
HG01798,H,HR,RAH,ARRA,HRRAR
HG01799,A,RR,RAR,RRHH,HHRHR
HG01800,A,RH,RAH,RRRH,ARHRH
HG01801,H,RH,RAR,ARHH,ARHRH
HG01802,H,AR,AHR,HHAA,HHRRR
HG01804,A,HR,HAH,HRRR,ARRRA
HG01805,A,AA,HAR,HAHH,ARHAR
HG01806,H,RR,HAR,RRHH,HHRHR
HG01807,A,HH,RAR,RRAR,ARRHR
HG01808,H,RH,RRR,AHRH,HRRRH
HG01809,A,RR,AHH,HRRA,HHRRR
HG01810,H,RR,RHR,HRRR,HRRRH
HG01811,H,RR,HAR,HRHR,RRHRA
HG01812,H,RR,HAH,HRRH,AHRHR
HG01813,A,HR,RHR,HRHR,ARRRH
HG01815,A,AR,RAH,ARHH,ARRRA
HG01816,A,HR,HHH,RRRH,ARRAR
HG01817,A,RH,HAA,RRHR,ARRRR
HG01840,A,HR,HAH,HHHH,ARRHH
HG01841,A,HR,HAR,HRHA,AHRRR
HG01842,A,HR,RAH,RHHH,ARRHH
HG01843,H,HA,RAR,AHHH,HHRRH
HG01844,H,RR,RHH,RRHA,AHRRA
HG01845,H,HR,HHR,HHHH,HRRHH
HG01846,A,RH,HHH,RHAA,ARRRH
HG01847,H,RR,RAA,HHRH,RHRRH
HG01848,H,AH,RAH,HRHR,ARHRR
HG01849,A,HR,HHR,RRRH,ARHAR
HG01850,A,RR,RAR,RRRH,ARRHA
HG01851,H,RH,HAA,RRRR,ARHAH
HG01852,A,RH,RAA,RRHH,RRRHR
HG01853,R,RH,RAH,HHHR,HRRRR
HG01855,A,RA,RHR,RHRR,HHRHH
HG01857,A,RH,RHH,HRHH,HRRRR
HG01858,A,HR,RAH,RHHR,ARRHA
HG01859,H,RA,RAA,HHHH,AHRRR
HG01860,A,RR,RAA,ARRA,RHRRH
HG01861,H,HH,RAR,HRHH,AHRAH
HG01862,H,RH,HAH,HHHA,HRHHH
HG01863,R,RR,HAH,HRRH,HHRRR
HG01864,A,AH,RHH,HHHH,RRRRH
HG01865,H,HR,RAR,AHRA,AHRRR
HG01866,H,RR,RHR,HHHH,HHRHR
HG01867,A,RR,HHH,AHRA,ARRAH
HG01868,H,AR,RHH,ARHA,RHHRR
HG01869,A,RR,RAR,HRHH,RRRHA
HG01870,H,RR,RAR,HRHR,AHRRH
HG01871,R,HR,HHH,ARRR,AHRRR
HG01872,R,HR,RAA,RRHA,HHRRA
HG01873,A,RR,RAH,HRHR,ARHRA
HG01874,H,HH,RAR,RRAH,ARRRR
HG01878,H,HH,RHR,ARRH,HHRHR
HG01879,H,RR,RRR,RRAH,HRHAH
HG01880,A,HR,RAR,ARHA,ARRHR
HG01882,A,AH,RAH,HRHH,HRRRA
HG01883,A,HR,HHR,AHRR,ARRRR
HG01885,H,RR,RRR,RRRH,HRHRH
HG01886,H,RR,RAR,HRRR,RRRHA
HG01889,A,HR,RHR,RRHH,HHRHR
HG01890,A,RR,HHH,RRHH,RRHRH
HG01892,A,HH,HAR,RHAA,RHARR
HG01893,H,RR,HAR,RAHR,HRHRR
HG01894,H,AH,RAH,RRRR,AAHHR
HG01896,H,RH,RHR,AHHH,HRHRA
HG01912,H,RR,HAH,HRHR,ARRHR
HG01914,H,HR,HAH,HRRA,AHHRH
HG01915,H,AR,HAR,HRRH,RHHRH
HG01917,A,HR,RAR,RHAA,RRHRH
HG01918,A,RH,HAR,RRRA,RRHRR
HG01920,A,RH,HAH,RRHH,HRRRR
HG01921,A,HR,HAR,RHRH,RRRRH
HG01923,A,RR,HAR,RHHH,RRRRR
HG01924,A,RR,RHR,RRHH,HRRRR
HG01926,A,RA,RAH,RRHA,HRRRR
HG01927,A,RH,HHR,HRHA,ARRRR
HG01932,A,RA,AHR,RHRH,RHHHR
HG01933,A,RH,RAH,HRHH,HRHRA
HG01935,A,HR,AHR,RRRH,HRRHH
HG01936,A,HA,HAR,RHHA,RRRRR
HG01938,A,RH,RHR,HHHH,HRHRR
HG01939,H,RR,RAH,HRRA,RRRRH
HG01941,H,RR,RHR,RHRA,HRRRH
HG01942,A,RH,RAH,RRHR,RRRRH
HG01944,H,HH,HAR,RRHA,RRRRR
HG01945,H,RH,HAR,RHAA,RRRRR
HG01947,A,HH,RAH,RRRH,RHRRH
HG01948,A,HH,HAR,HHRA,HRRHR
HG01950,A,RR,HAR,HHHA,HRHRR
HG01951,A,RA,HAR,RRHA,HRHRR
HG01953,A,RA,RAR,HRHH,HRHRH
HG01954,A,HR,HHH,HRRA,HHRRR
HG01956,H,HR,RAH,HRHH,RRRRR
HG01958,A,HA,AHH,RRAR,HHRHH
HG01961,A,RR,HAH,RRRH,RRRRH
HG01965,A,RA,HAH,RAHH,RRRRR
HG01967,A,RR,RHR,HARH,RHHRR
HG01968,A,HH,HRR,RHHR,RRRRR
HG01970,A,HR,HAH,HRHA,RRRRR
HG01971,A,RR,RAR,RAHA,RRRAH
HG01973,A,HH,RHH,HHHH,RRRRH
HG01974,A,RH,RAR,HRHA,RRHRR
HG01976,H,RR,RAH,RRRA,RRHRR
HG01977,A,RH,HAH,HHHR,RHRRH
HG01979,A,RR,RAR,HHRA,RRHRH
HG01980,A,HH,RAR,HRRH,HRRRA
HG01982,A,RR,AAR,HHHR,RRHRR
HG01985,A,RH,RAR,ARHH,HHHRH
HG01986,R,AH,HHR,HAHR,AARRH
HG01988,A,RH,HAH,AHRR,HHRRH
HG01989,A,AR,RAH,RRRR,AHHRR
HG01990,A,RH,RHR,RRHR,HHHRH
HG01991,A,HH,RAH,HHHA,RRHRR
HG01992,A,RR,HAH,RRHH,RRRRH
HG01997,A,RR,RAR,HHRA,HHHRR
HG02002,A,RR,HAH,ARHA,HRHRR
HG02003,A,RR,RHR,RHHA,RHRRH
HG02006,A,HR,HAH,HRRR,HHRRR
HG02008,A,RR,RHR,RHHA,RRHRR
HG02009,A,HH,RHR,HHHH,RHRHR
HG02010,H,AA,RHH,HHHH,AHARA
HG02012,A,RR,HHA,RAHH,ARHHR
HG02013,H,RR,RHR,RRRH,AHHHR
HG02014,H,AR,AAH,HHAH,AHHHH
HG02016,R,HH,RHR,HRRA,AHHRH
HG02017,H,RH,HAH,RHRH,HRHRH
HG02019,A,HH,HHH,HRRR,ARRRH
HG02020,A,HR,RAH,HRHR,AHHRR
HG02023,A,AH,HAR,RRRR,ARHHR
HG02025,A,HA,RHR,AHHH,ARHRH
HG02026,H,HH,RAR,HHHH,AHRRA
HG02028,A,RH,HHR,HRHR,HHRRA
HG02029,A,RH,HAR,RRAH,HRHRR
HG02031,A,RA,RAH,AHHH,RHHRR
HG02032,A,HH,HHR,HHHA,HRHRR
HG02035,H,RH,HAR,RRHR,ARHHH
HG02040,A,RR,HAR,RRRH,RRRRA
HG02047,R,RH,RHR,ARHH,RHRRR
HG02048,H,RR,HHH,HHHH,ARRRR
HG02049,R,HH,RAR,HHRR,HHRHH
HG02050,H,HR,RHR,HRRR,HRRHR
HG02051,R,RR,HAH,ARRA,AHRHR
HG02052,A,HR,HAH,RRAR,HHRRH
HG02053,H,RR,RHH,HRRH,HRHRH
HG02054,H,RR,RAH,RHAH,ARHRH
HG02057,A,RH,HHR,RHRH,RRRRH
HG02058,H,RR,RAR,RRRH,ARRRR
HG02060,H,RR,HAH,AHHH,AHRHR
HG02061,A,AR,RHR,HRAH,ARHRR
HG02064,A,RR,HAR,HRHH,ARHHH
HG02067,H,RA,HHH,HRRA,ARRHH
HG02069,A,RR,RAA,ARRA,HRRRH
HG02070,H,RR,RAR,HRRR,ARRHR
HG02072,H,HR,RAR,HRAH,ARHRA
HG02073,A,RH,HHH,RRAH,HRRHR
HG02075,R,RR,RHR,HHHH,ARRRH
HG02076,R,RH,RAA,HARH,ARRRA
HG02078,A,HH,RAR,ARAH,HHHRH
HG02079,A,HH,HAR,RRRH,HHRHH
HG02081,A,RR,HAR,HRRR,AAHRH
HG02082,A,RR,RAR,RRHA,HRRRH
HG02084,A,AH,RAR,AHAH,ARRHR
HG02085,A,HH,HAA,RHAA,ARRRH
HG02086,R,HH,HAH,ARRH,HRHRR
HG02087,H,RR,HAH,ARHA,HRRRA
HG02088,A,HR,RAR,HRHA,HRRRH
HG02089,H,RR,RAR,HHHA,RHRRH
HG02090,A,RH,RAR,HARA,HRHHH
HG02095,A,HR,HAH,RRRR,ARHHH
HG02102,A,RR,HAR,RHAH,RHRRR
HG02104,H,RH,AAR,RRHH,HRHRH
HG02105,A,RA,HHR,HRHA,RRRRR
HG02107,H,RR,RHR,HRRR,ARHRH
HG02108,H,RR,RRR,RHHR,ARHHH
HG02111,A,RH,RAH,HRAR,HRRRA
HG02113,A,AA,HAR,HRHR,ARHRH
HG02116,H,RH,HAR,HRHH,RHRRR
HG02121,A,RH,RHR,RRRR,HRRRH
HG02122,A,HH,RAR,HRHA,HRRRA
HG02127,H,RR,RAH,HRHR,HRRRR
HG02128,A,RH,HAH,HRHH,HRHRA
HG02130,H,AR,HAH,ARHR,ARRRR
HG02131,H,AR,RAR,HRRH,HRAHR
HG02133,A,HR,HHR,HRHA,ARRHR
HG02134,A,HR,HAH,HRHR,HRRRA
HG02136,H,RR,RAR,HRHR,HHRHH
HG02137,A,RH,RAR,RRRH,HHRRA
HG02138,H,HR,RAR,RRRR,AHHRH
HG02139,A,HA,RAH,ARHH,HRRRR
HG02140,H,HH,HHH,HRHH,ARHHA
HG02141,H,AR,RAR,HRHR,ARHRA
HG02142,H,HR,RAH,ARRR,AHRAH
HG02143,H,AA,HHR,RHAH,HHRRA
HG02144,A,AH,RAR,HRHR,RRHRA
HG02146,A,RH,HAH,HRHH,HRRRR
HG02147,A,HH,RAR,HRHA,RRRRR
HG02150,A,RR,RHR,AHHH,RRRRR
HG02151,R,RR,HAR,HRHH,HHRRR
HG02152,H,HR,HAH,ARRH,HRRRR
HG02153,R,AR,HHR,HRRR,AHRRR
HG02154,A,HH,RAH,AHHR,AAAHR
HG02155,H,RR,RAR,RRRR,ARRAH
HG02156,A,HH,HAR,RRHH,ARHRR
HG02164,H,RR,RAH,HHHH,ARRRR
HG02165,A,RR,RAH,HHRH,ARRHH
HG02166,H,RR,HAH,HARR,ARRRH
HG02178,H,RH,RAR,HRHA,ARHHH
HG02179,A,HR,HAR,HRHA,ARHHR
HG02180,H,RH,RHR,HRAR,AHRHR
HG02181,H,HH,HHH,HRRR,ARRRH
HG02182,R,HH,RAR,RRHR,ARRRR
HG02184,H,RR,RHR,AHRH,AHRRH
HG02185,R,HH,RAR,HHHH,ARRRA
HG02186,H,HH,RAH,HRRR,AHRHA
HG02187,R,HR,HAH,HHRH,HRRRR
HG02188,A,HA,RAH,ARHH,HRRHH
HG02190,H,HR,AAR,AHRH,ARHRH
HG02215,A,HR,RAH,AHRH,RARRR
HG02219,A,HR,RHH,RARR,RHRHR
HG02220,R,AH,HRR,RRHH,HRHHR
HG02221,A,HR,HHH,HHRR,RRHHR
HG02223,A,HH,HAR,HHRH,HRHRA
HG02224,A,HR,RHR,RHRA,HHHRA
HG02230,A,HH,AHH,RARR,AHHRA
HG02231,A,HR,AAA,RHRR,HHHRR
HG02232,A,RH,HAH,RHRH,RAHRA
HG02233,H,RR,HHR,HHRH,RAARR
HG02235,A,RR,RHR,RAHR,HHHRH
HG02236,H,RH,RAH,RHHA,RHARR
HG02238,A,HH,RHR,RHRA,RRHRR
HG02239,A,RR,RRR,RHHH,RHHRH
HG02250,H,HR,RHH,HRHH,HHRHR
HG02252,A,HR,RAA,RRRH,HHRRR
HG02253,H,HH,HAH,HHRR,RARRR
HG02255,A,RR,HHH,RAHH,ARAHH
HG02256,H,RH,RRR,RRRH,HRHRA
HG02259,A,RA,RAR,AHRA,HRRRH
HG02260,A,RR,AHR,RARA,RRRRH
HG02262,A,RR,RHH,RRHA,HRRRR
HG02265,H,RH,RAR,HRRA,RRARR
HG02266,A,RH,RAH,RHAH,RRARR
HG02271,A,RA,RAH,HHRA,RRHRH
HG02272,A,RR,HHR,RHAA,HRRRH
HG02274,A,HR,RAR,HRRA,RRRRH
HG02275,A,RH,RAR,HHHA,HRHRR
HG02277,A,RR,HHH,ARAR,RRRRH
HG02278,H,RH,RAH,RHHA,RRRRH
HG02281,A,AR,HAR,HRHH,HRHHR
HG02282,A,HR,HAR,ARHH,ARHHA
HG02283,H,HR,RAA,HHHH,HHARR
HG02284,A,RH,HAR,RHRH,ARHRA
HG02285,H,RH,HHR,RRHA,HRRRR
HG02286,A,AH,RHH,RRRA,HRHRR
HG02291,A,RH,RAR,RRRA,RRRRR
HG02292,A,HR,HAR,HHHA,HRRRR
HG02298,A,HH,RAR,RRHH,HRHRH
HG02299,A,HH,RHH,HHHH,HRRRR
HG02301,A,RH,HAH,RRAH,RRHRH
HG02304,H,RH,RAR,HRHA,HRHRR
HG02307,R,RH,HAR,RRRH,RRRRR
HG02308,A,HR,RHR,HRRA,RHRRH
HG02309,H,HH,HRH,HRHH,AHRHH
HG02312,A,HH,RAR,RHHA,RRHRR
HG02314,A,HH,HHH,HRHR,HHARR
HG02315,H,HR,HAH,RHRR,ARHRA
HG02317,H,RH,AAR,HRRH,ARHRR
HG02318,A,AR,HAR,HRRR,RRHRA
HG02322,A,HR,RHR,HRHH,HRRRR
HG02323,A,RR,RAR,AHRH,AHHRH
HG02325,A,HH,AAR,RARR,RRRRR
HG02330,A,RH,RAR,HRHR,RRRHH
HG02332,A,HR,RAR,RRRR,HHRRA
HG02334,H,RH,RAR,RRHA,HRRHH
HG02337,A,RR,RAH,HRRA,HRRHR
HG02339,H,HR,RAR,RRHA,ARHHH
HG02343,A,HH,HRR,RHHH,HHHRA
HG02345,H,AA,RHR,RRHR,HHARH
HG02348,A,RR,RHR,HRHH,HRHRR
HG02351,H,HH,RAR,RHHH,ARHHA
HG02353,A,HR,RAR,HHHH,AHHHR
HG02355,H,HR,RAR,RRAR,HRRRH
HG02356,A,HH,RAH,ARHH,ARRRA
HG02360,A,RH,HAR,RHHR,ARHRR
HG02364,A,RR,RAR,HRRH,ARRHA
HG02367,H,HR,RAR,HRRR,HRRRA
HG02371,A,HR,RAR,HRRH,ARRRH
HG02373,A,RH,HAH,HRHA,HRRHH
HG02374,H,HH,RAR,RHHR,HHARA
HG02375,A,RR,RAR,ARRR,HRRRH
HG02379,H,AR,RAR,HRHA,HHHRR
HG02380,A,HR,HAR,HRAR,AHAHH
HG02382,H,RH,HAR,HHRH,RRRAH
HG02383,A,RR,RAH,HRRH,HRHHA
HG02384,A,RH,RAR,HHHA,AHRRR
HG02385,H,HH,AAR,HRRH,ARRRA
HG02386,A,HR,HAH,RHRH,ARRRH
HG02389,A,HH,RAR,HRRH,ARRRR
HG02390,A,RH,HAR,AHAH,AHAHH
HG02391,A,RR,AAH,RARA,RRHRR
HG02392,A,RR,RAR,RHHA,ARRRA
HG02394,A,HR,RHH,HRHA,RRRHH
HG02395,H,HR,HAH,HHRR,ARHRR
HG02396,A,RR,HHR,HHHH,ARHRR
HG02397,H,HR,RHH,AHAA,HHRRA
HG02398,A,RH,RAH,RRRH,ARHRH
HG02399,H,RA,HAH,RRRR,ARRRH
HG02401,H,AR,RRR,RRRH,HRHHR
HG02402,A,RA,RAR,HRHH,ARHHH
HG02406,H,RR,RHR,RRAA,ARHHH
HG02407,H,HR,RAH,RARH,ARRRH
HG02408,H,RH,RAH,HHHH,HRRRR
HG02409,A,HR,RAH,HRRH,AHRRA
HG02410,H,AR,RAH,HRRH,HRRRA
HG02419,H,HR,HAR,RHRR,RHRHH
HG02420,H,HH,RHA,RHAA,RHHAH
HG02425,H,HH,HAR,RHAH,HRHRR
HG02427,R,HR,RAR,RARH,ARHRH
HG02429,H,RH,HAR,HHRR,RRRHH
HG02433,A,RR,HAR,RRRR,HRRRA
HG02439,A,HA,HHR,AHHR,RAHRR
HG02442,H,RH,HAH,HRRH,ARRRR
HG02445,H,RH,RHR,RHAH,AHRRH
HG02449,H,RR,RHR,RRRH,HAARH
HG02450,A,RH,RRR,HRRR,HRRHA
HG02455,H,RR,HHR,HHRR,HRRHR
HG02461,A,HR,RAR,HRHR,HHRAH
HG02462,A,RH,HRR,RRRH,RHHRH
HG02464,A,RH,RAR,RRHR,AHRHA
HG02465,R,RR,HHH,RHHH,HRRRH
HG02470,H,RH,RAA,RRHH,RHHRA
HG02471,H,RR,HAH,HRHH,ARHRH
HG02476,H,AH,RAH,RHRH,RHHHH
HG02477,H,HH,HAR,RHHH,AHHHH
HG02479,H,RH,HAR,RHRR,HRRRH
HG02481,H,RR,RHR,HARH,AHRRR
HG02484,H,HR,AAR,RHHR,ARRRA
HG02485,H,HH,AHR,ARHH,HRHHH
HG02489,H,RR,HHR,RHHR,RAAHA
HG02490,A,RR,HAH,RHHR,HAHRH
HG02491,H,AH,RAH,AHHR,HHRHH
HG02493,A,HA,HHR,HHHH,RRRRA
HG02494,H,AR,AAH,HAHR,HRRRR
HG02496,A,HH,RAA,RHRH,AHHHA
HG02497,A,RH,RHR,HRHH,HARRH
HG02501,H,RR,RAH,HHHH,AAHHH
HG02502,H,RR,RAH,HRRH,AHHRR
HG02505,A,HR,RHH,RRHH,AARRA
HG02508,A,AR,HAR,HHHH,HRRAH
HG02511,H,RH,HAH,RRRH,AARRH
HG02512,A,RA,RHR,HRRH,ARRHH
HG02513,A,AR,HAR,HHRH,HRHRA
HG02521,A,RH,HAR,HHRR,HHHRA
HG02522,A,RR,RAR,HRRA,ARHRA
HG02536,H,RR,RAH,HHRR,RRRHH
HG02537,A,AR,RAH,HAAA,HAHHH
HG02541,A,AH,HHA,RHRH,HRAHA
HG02545,H,RH,RAA,HRHA,ARAHH
HG02546,A,RR,HHR,RRRH,HHRHR
HG02549,H,AA,RHA,HRRR,HRHHH
HG02554,H,RH,HHR,HRRH,HHHRA
HG02555,H,RH,RHR,RHRR,HRAAH
HG02557,R,HR,RAH,RRHR,AHRHH
HG02558,A,HR,HHH,RRHH,RRRRH
HG02561,R,AH,HAR,HHRR,HHRRR
HG02562,H,RH,HRH,HHRA,HHRRA
HG02568,R,HA,RHR,ARHR,AHHRR
HG02570,H,RR,RAH,HHRR,AHRRH
HG02571,R,RR,HHA,HHHH,HHRHH
HG02573,A,RR,RAR,RHHR,HRAHR
HG02574,R,RA,RHH,HHRR,HHHRR
HG02577,A,RR,RHH,HHRR,ARHHH
HG02580,A,HR,RHA,HHHH,RHRRR
HG02582,H,RR,RHR,RRHH,RHRHH
HG02583,A,RH,HAR,HHAH,ARRHR
HG02585,H,HH,RAH,AHRR,HRHRR
HG02586,A,HR,RRH,HRHR,RRRRH
HG02588,A,HR,RHR,AHRR,HHRRH
HG02589,R,RR,RHH,HRRH,AHRRA
HG02594,A,RH,RAR,RHRH,ARRRH
HG02595,H,HH,HAR,RHHH,HRHRH
HG02597,A,RR,HAR,RHHH,HRHRH
HG02600,A,RR,HHH,HAAH,AHRRR
HG02601,A,HH,RAH,RRHA,AHHRH
HG02603,A,HR,HAR,RAHH,HHHRR
HG02604,H,HR,RHR,RHAH,ARARH
HG02610,A,RH,HRR,RRHR,ARRRH
HG02611,R,HR,RRR,HHRH,RHRHR
HG02613,H,AH,RAH,HHRH,AHARH
HG02614,H,HR,RHR,HHRR,HRRHA
HG02620,R,HR,HAR,HRHR,RHHRH
HG02621,A,HA,AAA,HRRR,ARARH
HG02623,H,AA,RHA,HRHA,HHRRR
HG02624,R,RH,RRH,HRRH,HHHHA
HG02628,A,RA,RHH,RHHH,ARHRH
HG02629,R,RR,RHH,HRHH,HRRRA
HG02634,R,HR,RAR,ARRR,HRRRA
HG02635,R,RR,HAR,RRHH,ARHRH
HG02642,H,HH,RRR,RHRR,HRHHH
HG02643,A,RH,HHA,RRHH,RRHRH
HG02645,H,RH,AAR,HHRH,ARHRH
HG02646,A,RR,HAR,HHHH,ARARR
HG02648,H,RH,HAR,HHRR,RAHRH
HG02649,H,RH,HAR,RHRH,RHARR
HG02651,H,RR,HHH,RRRR,HRHHA
HG02652,R,HR,RAH,HRRR,HRAHA
HG02654,R,RH,HHA,HRAH,AHARR
HG02655,A,RH,RHH,RRAR,RHHRH
HG02657,H,RH,RRH,HRRR,RRRRH
HG02658,H,HR,HAR,ARHR,RRHRH
HG02660,H,RR,HHR,HRRA,RHHRA
HG02661,H,AH,HRR,HARH,ARHRR
HG02666,H,RH,RRR,ARRH,HRRHH
HG02667,R,RR,RHR,HRHH,ARRRR
HG02675,H,RH,RHR,RRHR,HRHRH
HG02676,A,HR,RAH,HRHA,AHHRH
HG02678,H,AA,RAR,HRHA,HHHHH
HG02679,H,HR,RHR,HHHA,ARRRA
HG02681,R,RH,RAA,RHHH,RAHRR
HG02682,H,AH,RAH,HRHR,RRHRH
HG02684,H,HH,RAH,AHHR,HRHRA
HG02685,R,HR,HAA,HRRR,HHRHA
HG02687,H,AR,RHR,RHHA,AHRHR
HG02688,A,AR,RHA,HHRA,RHARR
HG02690,H,HR,ARR,RRRR,RHARR
HG02691,A,RA,HAR,HHHR,RHHAR
HG02694,A,RR,HAA,RHRH,AHARR
HG02696,A,RH,RAH,RRHA,HRHHH
HG02697,A,AH,RHA,RHHR,HRARH
HG02699,A,RH,RHH,RHRR,HHHHH
HG02700,A,RH,HAR,RHHH,RHHAH
HG02702,A,AH,RAH,HHHH,RRRRR
HG02703,R,HR,HHH,ARAH,HRRRR
HG02715,H,RR,HAH,HRRH,HRHRH
HG02716,A,AR,HAH,ARHH,HRHHH
HG02721,R,HH,RHA,RRHH,AARRH
HG02722,A,HR,RHR,HHRH,HRHHH
HG02724,R,AR,RHR,HRRH,ARARA
HG02725,H,HH,RAH,AHHR,HRHHR
HG02727,A,HR,RHR,HRHR,RRRRH
HG02728,A,HR,RHH,HHHR,HRRRH
HG02731,H,RR,HHR,HHRH,AHRRR
HG02733,H,HH,RAA,HRHR,ARARH
HG02734,A,HR,RHH,HRHA,HRHRH
HG02736,A,RR,HHR,RRRR,RRHRH
HG02737,H,RH,RRR,RRRH,AHHRR
HG02756,H,RH,RAA,HRRA,RRHAA
HG02757,A,RR,RAH,RHHH,AHHRR
HG02759,H,HR,RRR,RHHR,AHAHR
HG02760,H,HH,RAR,RRHA,HHRHH
HG02763,A,RR,HHR,HRRA,AARHR
HG02768,A,RA,AHR,RHRH,RRHHH
HG02769,H,HR,RAH,RRRH,HHHRR
HG02771,H,RR,HHH,RRRH,HHRRR
HG02772,R,RH,HHH,RRRH,ARHHH
HG02774,A,HR,RHR,RHRH,RHARH
HG02775,A,RR,RHH,RRHH,RHHRA
HG02778,H,HH,HAR,RRHR,HHARA
HG02780,H,AH,RHH,AAHR,ARHRH
HG02783,H,AR,RHH,HRAH,HAHRR
HG02784,H,RR,HAR,HRHH,HHHRR
HG02786,H,RR,HAR,HHRR,HRRHH
HG02787,A,HR,RHR,HAAR,HHARA
HG02789,A,HR,RAH,ARHR,HRRRH
HG02790,H,RH,RHH,RRRH,AHHHH
HG02792,H,HR,RHH,HRHR,AHARA
HG02793,H,RR,HAR,RRHR,AHHRH
HG02798,H,RR,RHH,RRRR,HRRRA
HG02799,A,HH,RHR,HRAH,ARHRR
HG02804,H,RR,RAR,AHHA,HHHHR
HG02805,A,RH,RRR,RRRR,RRHRH
HG02807,H,RR,HAH,HRHH,AHRRH
HG02808,H,RH,RAR,RRRH,RHHHR
HG02810,H,RH,HAR,RRHH,HRHRH
HG02811,H,RA,HAR,RRHH,ARRRH
HG02813,H,RR,RAH,HRRR,HRHRH
HG02814,A,RR,RAH,RHHA,ARRRH
HG02816,H,HR,AAH,RHAH,HHHHR
HG02817,A,HR,RHH,HHRA,HHHHH
HG02819,H,RR,RHR,HRAH,ARRRR
HG02820,R,RR,RAR,RRRH,RAHHH
HG02836,A,RR,HRR,RRAR,HRRRA
HG02837,A,RR,RAH,HHHA,HRARR
HG02839,H,RR,HAH,RHHR,HRRRR
HG02840,H,HR,HHH,RRHR,RRRRA
HG02851,A,RH,HAH,RRRH,HHARA
HG02852,H,RH,RAH,HHHR,HRARR
HG02854,H,HR,RAR,RRRH,HHRHR
HG02855,H,RR,RAH,RHAA,ARRAA
HG02860,A,RR,HAR,RRHH,AHRRH
HG02861,H,HA,HAR,RRRA,ARRRH
HG02870,A,HH,RAR,RHHR,HHARR
HG02878,H,RR,RAR,ARHR,ARRRH
HG02879,R,RH,RHH,HRHA,RRARA
HG02881,H,HR,RHH,RHRH,RRHHH
HG02882,R,RH,RAH,RRHH,HRHRH
HG02884,A,HR,RAH,AHHH,HRHRH
HG02885,A,RR,RAR,HRRR,HHRHR
HG02887,R,RH,RAH,RRHR,HRRRH
HG02888,H,RH,RHR,HRHH,RHRHH
HG02890,H,RR,HHA,HHRR,ARRHH
HG02891,R,HR,RHH,HHAH,HHRRH
HG02895,R,RA,RHR,HHHA,RRRRH
HG02896,A,HR,RHH,HAHA,HHRHA
HG02922,A,HR,RHR,HRRR,ARRHH
HG02923,H,AH,RAH,AHAR,ARHRH
HG02938,A,RR,RAH,HRRH,ARHHA
HG02941,A,AH,RHR,RRHA,HRRRA
HG02943,A,AR,HAR,RRRR,RARRH
HG02944,A,HR,RHH,HHRR,HRRRA
HG02946,R,AR,RAR,RHAH,HRHRH
HG02947,A,HR,HAH,RHRR,HRRRA
HG02952,H,HR,RHR,HHRH,AHHRH
HG02953,H,HH,RHA,RRHH,ARAHA
HG02968,A,AH,HAR,HRRR,HRRRH
HG02970,H,HH,HAH,HRHR,HHHHH
HG02971,H,AR,RHR,RHRH,AHARH
HG02973,H,RR,HAH,HRRA,AHRRR
HG02974,A,HH,HAH,RHRR,HRHRH
HG02976,A,RR,HHR,HRRH,HHAHH
HG02977,A,RR,RAH,HHRR,ARHRH
HG02979,R,RR,RHR,RHRH,HHRHA
HG02981,H,RR,HAA,HHRA,HHRRA
HG02982,A,RH,RRH,RARR,RAARH
HG02983,R,HR,RHR,RRRA,AHRRH
HG03006,A,AR,RAH,HHHH,HHHRA
HG03007,H,RR,HAR,ARRH,HRARH
HG03009,A,RH,RAH,HHHR,HRHHH
HG03012,A,HH,HAA,RHHH,AHRHR
HG03015,A,HH,RAH,HHRH,HHAHA
HG03016,A,RR,RHH,HHHR,HHHRR
HG03018,H,HH,HAH,HRRH,RHRRR
HG03019,H,AR,RAR,RRHH,HRRHH
HG03021,A,HH,HRR,HHAH,HRHAH
HG03022,A,RR,RAH,RRHA,RHHAR
HG03024,H,HH,HHR,HRHR,HRRHH
HG03025,A,HA,RRR,RRRH,AHRRH
HG03027,H,HH,RAR,RHHR,AHHRR
HG03028,A,HH,HAR,RRAR,ARHRH
HG03039,H,RH,HAR,RRAA,HHRRH
HG03040,H,RR,RRH,RHRH,HRHRA
HG03045,H,RR,RHH,RHHH,ARHRH
HG03046,A,HR,RHR,RRRH,HRHRH
HG03048,A,RR,RAR,RRHH,HRRRR
HG03049,A,RH,HRR,RRRR,AAHHH
HG03052,H,RR,AHH,RRRH,AHRHH
HG03054,H,RA,HHR,RRHR,HHHHR
HG03055,H,HH,AAH,HHHH,HHHHH
HG03057,H,RR,HAR,RRHR,HRHRR
HG03058,H,RR,RAR,HRRR,AHHHA
HG03060,A,HR,HAH,RRHR,HHRRH
HG03061,H,AR,RHH,RHHH,HHARR
HG03063,H,RA,RHR,HHRR,HRHHH
HG03064,H,HR,RAR,HHRH,AHHRR
HG03066,A,HH,RAR,ARRH,ARHRR
HG03069,A,HR,HAR,HRHH,HHHRH
HG03072,A,RA,RAR,RHHH,HHRRH
HG03073,A,RH,HHA,RRRH,HRARR
HG03074,A,RR,HAR,HRRH,HHRRH
HG03077,A,HA,HAR,HRHA,ARRAA
HG03078,H,RH,RRH,HRRR,RRHHA
HG03079,A,HR,RAH,RRHR,HRHHR
HG03081,A,HR,RAR,HRHH,ARRHH
HG03082,A,RR,RAR,HRRA,HRRHH
HG03084,A,RR,RAR,HRHR,HRHHA
HG03085,H,RH,RHR,RRHH,HRRRH
HG03086,A,HR,RHH,RHRR,AHHHH
HG03088,A,RR,RAA,RRRH,ARRRA
HG03091,H,RH,HHR,RRAR,HRRRA
HG03095,H,RR,HAR,RRHA,AAHRR
HG03096,R,HR,RAH,RRRR,HRRRH
HG03097,R,HH,AHH,RRRA,ARHHH
HG03099,A,RR,RAR,RHHH,ARHRR
HG03100,H,HH,HHR,AHHH,RRRRH
HG03103,H,HR,RHH,RHAR,ARRRH
HG03105,A,RR,HAR,HARR,HHRRH
HG03108,H,HH,HAH,RRHR,ARRRR
HG03109,H,HH,RAH,RRHR,HRHRR
HG03111,H,HH,RHH,HHHR,AHRRA
HG03112,R,HR,HHH,RHRR,HRRRR
HG03114,A,HR,RHR,RRAR,RRHRH
HG03115,H,RR,RHH,HHHH,RHRHA
HG03117,H,RR,RHH,RRHR,AHHRH
HG03118,A,RR,RAH,RRAH,ARRRR
HG03120,A,HH,RHH,RRHH,HHRRH
HG03121,A,HR,HAR,HRRR,HRARH
HG03123,A,RR,RHR,HHRH,ARHHA
HG03124,A,HR,RAH,HRHA,ARARA
HG03126,R,HH,AHH,RAHR,HHRHA
HG03127,H,RR,RHR,HRRR,HHRHH
HG03129,H,HR,HAH,RHRA,RRARA
HG03130,A,HR,RAR,HRAR,HAHHH
HG03132,H,RH,RAR,HHRH,HHHAA
HG03133,H,RR,RHR,RHHH,AHHRR
HG03135,A,RR,HAH,RHHH,ARRHH
HG03136,A,RR,RHH,RRRR,ARARH
HG03139,A,HH,HAR,RRHH,RHRRH
HG03157,R,HR,RAA,HRHH,RHHHH
HG03159,A,HH,HAR,HRHH,ARRRA
HG03160,H,HR,RAA,RRRH,HRRHA
HG03162,A,HH,RAH,HARR,ARRHH
HG03163,H,HR,HHR,ARRA,ARHRH
HG03166,A,HH,HAR,HRHH,ARRRR
HG03168,H,HR,HHA,HHRR,AHHRA
HG03169,A,RH,RHH,RRHH,AHRRH
HG03172,A,HA,RHR,RHRR,HRRRR
HG03175,H,HH,RHH,HARH,ARRRR
HG03189,R,HR,RHH,AHRH,HHRHR
HG03190,H,RR,RHH,RRAR,HRRHR
HG03193,R,HR,HHH,RRAR,ARARH
HG03195,A,HR,HAH,HRHR,ARHRR
HG03196,H,HR,HHH,RAHR,ARHHH
HG03198,A,RR,RAR,HRHH,HHRRH
HG03199,A,HR,HAA,RHHH,ARHHH
HG03202,A,HA,RRA,RHRH,HHARA
HG03209,A,HR,RAH,HRHR,ARRRA
HG03212,R,HR,AHR,RRRH,ARRRH
HG03224,A,AH,HAA,RRRH,HHHHR
HG03225,R,AH,RAH,HHRH,AHRRA
HG03228,A,HH,HAH,HHAH,RHHRH
HG03229,A,HA,RAH,RHRR,HHARR
HG03234,R,HR,HHR,HHRA,ARRRR
HG03235,A,HR,HAR,RHHR,HRHRR
HG03237,A,HH,AAA,RHHR,AHHRA
HG03238,R,HR,RAH,RHHR,HRAHA
HG03240,A,AH,AHH,HRAR,HRHRH
HG03241,H,RH,HRH,HARH,ARHRH
HG03246,H,RH,HAH,RRHR,ARRRA
HG03247,H,HH,HHH,RHRH,HHHRR
HG03258,A,RA,HHR,HRHH,RRHHA
HG03259,H,RR,HHR,HHHR,AHAHH
HG03265,H,RH,RHA,RRHH,HRHRR
HG03267,A,RH,AAR,HHHR,HRRHH
HG03268,H,HR,HRH,RHRR,ARRRA
HG03270,H,HR,RAH,HRRH,ARHHH
HG03271,H,RR,RHH,RRHR,ARHHH
HG03279,H,HH,AAH,RHRH,RHRHH
HG03280,A,RR,RHH,RRHH,HRARR
HG03291,A,HR,RAH,RRHH,HRHHR
HG03294,A,HR,HAH,RHAH,RHHHH
HG03295,A,HR,HAH,RHRA,HRRRR
HG03297,H,HR,HAH,HRHH,AHHRH
HG03298,H,RR,RAH,HHRR,HHRRR
HG03300,H,RR,HHH,RRRA,ARRRR
HG03301,H,RR,HAH,RRRR,AHHRA
HG03303,H,RR,RAH,RRHH,AHHHR
HG03304,A,AR,RAR,HHRH,AHARH
HG03311,A,RA,HAR,HHHH,HRHRH
HG03313,A,HR,AAA,HRHR,ARHRA
HG03342,R,AR,RAH,HRRH,ARRHH
HG03343,H,RH,RAR,RRRH,HRRRR
HG03351,H,HR,RHR,HRRH,HRRHA
HG03352,A,HR,AAH,RHRR,AHRRH
HG03354,A,HR,HHA,ARRR,AHARH
HG03363,A,RH,RAR,HRRR,HHHRA
HG03366,R,RR,RAR,RHRH,ARRRR
HG03367,A,RH,RAH,RHHR,HRRRA
HG03369,A,AR,RAA,RHRH,AHRRR
HG03370,A,RR,HHR,RHHH,AHRRA
HG03372,H,HR,HRR,HRHH,ARAHA
HG03376,H,HR,AHH,RRRR,HRHHA
HG03378,A,RR,RHH,RRHR,HHRRH
HG03380,H,RR,HHA,HHRH,RRHRH
HG03382,A,RH,RHR,HRHH,HARRA
HG03385,A,HA,RAH,RRHA,HRHRH
HG03388,H,HH,HAH,RRRH,HRHRH
HG03391,A,RH,RAH,RRRR,HRRRA
HG03394,A,RR,HAR,HRRR,ARHHA
HG03397,A,HH,RAH,RRHH,ARRRA
HG03401,H,HR,RAH,HHHH,ARRHA
HG03410,H,HR,RHH,RHRH,AHRRR
HG03419,A,HR,RHR,RRAH,AHRRH
HG03428,A,RR,HAH,ARHR,HHHRH
HG03432,A,RH,RAH,RRAR,HHARR
HG03433,H,HH,RHH,RRHH,HRRHH
HG03436,H,AR,RHR,HRRR,HRHRH
HG03437,A,RH,RHH,HHHR,HHHRH
HG03439,A,HH,HHR,RRRH,AHARA
HG03442,R,HH,HHA,HRAR,HRRRR
HG03445,A,HH,RHR,RHRH,ARHHH
HG03446,H,AR,HAH,RRRR,AHHRH
HG03449,A,HH,AAR,RRHA,HRARR
HG03451,H,HH,RHR,RRHH,AHHHH
HG03452,H,AR,HHH,RRRH,HHRRH
HG03455,A,RR,RAR,HRRH,HRRRH
HG03457,A,AR,RAR,ARHH,AHHHA
HG03458,R,HH,RAR,RRHH,ARHHH
HG03460,H,RR,RHA,HRRR,HRHRA
HG03461,H,HR,RHH,HAHH,HHHRR
HG03464,A,HR,RHH,ARRR,ARAHA
HG03469,A,RR,HAR,RRRR,ARRRR
HG03470,A,RR,HAR,HRHH,ARHAA
HG03472,A,HA,HAH,HRRA,RAHRR
HG03473,R,RR,AHA,HRHH,HHHRR
HG03476,R,HR,RAH,RHHR,AHRRA
HG03478,A,HR,HAR,RRAH,HARHA
HG03479,A,RR,HAR,RRHA,AHRHR
HG03484,A,AR,HAR,HRHR,ARHHH
HG03485,A,RH,RRH,HRRA,AHARA
HG03488,A,HR,RAR,RRRR,AHARR
HG03490,A,HH,RHR,RHRH,HRHHR
HG03491,R,HR,HHH,HRHH,HAHHR
HG03499,A,RR,RAR,HHRH,HRHRH
HG03511,A,HR,AHH,RRRR,HRRRR
HG03514,H,HR,RRH,RRRR,ARHRR
HG03515,A,RR,RAH,HRHA,AHHRA
HG03517,H,RR,HRH,HRRH,ARARH
HG03518,A,HH,RAH,RRHA,HRHRH
HG03520,H,AR,RAR,HRRH,HRHRH
HG03521,A,AR,HHH,RRRA,ARHHA
HG03538,H,RR,HHR,RRRA,RRHHA
HG03539,A,RR,HHA,RRHR,AHHRA
HG03547,H,RR,RAR,RRAH,RHHRH
HG03548,H,HA,HHH,ARHH,RHHRR
HG03556,R,RR,RHR,HRRH,ARARH
HG03557,A,RA,HAH,HRHH,ARRRA
HG03558,H,RR,HAR,HHAR,HRHHH
HG03559,H,AR,RAA,RRRA,AHRHR
HG03563,H,RH,HHR,RHHR,HARHH
HG03565,A,HH,HHR,RHRR,RHARH
HG03567,A,HA,HAH,HRHH,HHRRA
HG03571,H,HH,HAH,RRHH,HHRRA
HG03572,H,RH,RAH,HRRA,RHRHH
HG03575,H,AR,RAR,RRHR,HRHRR
HG03577,R,HA,RAH,RRRH,RHRRH
HG03578,A,RH,RAH,ARRH,HRHHR
HG03583,A,AR,HAR,HHRH,HRRHH
HG03585,H,RR,RAR,HHRH,AHHHR
HG03589,A,AR,RHR,HHRH,RHHAH
HG03593,H,HR,RAR,HRHH,AHHAH
HG03594,A,RR,HAR,HRHR,AHHRH
HG03595,H,HH,RHH,HRRR,HHHRH
HG03598,A,HH,RAA,HRRR,ARHRA
HG03600,H,RR,HAH,HHAR,ARHRH
HG03603,H,RR,AHR,RRRH,RRHRA
HG03604,A,RR,HAH,RRHH,RHHHA
HG03607,A,HR,HAA,ARRH,ARRRH
HG03611,A,HR,RHH,HRRH,AHRRH
HG03615,H,RH,RRH,HARR,RHHHR
HG03616,H,HR,RAH,HRAH,HHRHR
HG03619,H,RR,RAH,RHRA,AHAHH
HG03624,H,HH,HHH,RRRR,HRARR
HG03625,H,HR,HAR,RHRR,HRAHH
HG03629,A,RA,HAH,RARH,HHAHH
HG03631,H,HR,RHR,HRHR,ARARA
HG03634,A,RH,HAA,RRAR,RRRHR
HG03636,A,AH,RAH,HHAR,AHHRH
HG03640,A,RR,AHH,RARR,ARHRR
HG03642,A,AR,HHH,HRHA,AHRRR
HG03643,A,HA,RHH,ARHR,AHHRA
HG03644,A,HR,HHR,AHRH,HRHRA
HG03645,A,RA,RAH,HRHA,HRHRH
HG03646,A,RH,HHR,HRRH,HRRHR
HG03649,A,HR,RHR,RRHH,HHAHA
HG03652,A,RH,RAH,RRRR,HRRHH
HG03653,R,HH,RAH,HRHH,RHRRH
HG03660,H,HH,RHH,HARR,HHHRA
HG03663,R,HR,HRR,HRRR,HRHRR
HG03667,H,HH,RAH,HRHR,HRRRH
HG03668,H,AR,RAH,RAHR,AHARH
HG03672,R,RR,ARH,HRRR,ARHRH
HG03673,H,RH,RAH,RRRH,RRRRH
HG03679,H,RR,HAR,HARH,HHRHR
HG03680,H,HH,RAR,HRHR,HRRHH
HG03681,R,RR,HHR,HRHH,RHAHA
HG03684,H,HR,RAR,RRRR,RHHRR
HG03685,H,HH,AHR,HRHH,HARRH
HG03686,H,RA,HAR,HRRR,HHRHH
HG03687,A,HH,RAR,HHHR,AAARH
HG03689,H,RH,HAH,RRRR,HRHHH
HG03690,H,HR,HHH,HRRA,HRARH
HG03691,H,RR,HAR,HRRA,RAHRH
HG03692,A,RH,RHH,RHHR,HRHRA
HG03693,A,HH,RHA,RHHH,AHHHA
HG03694,R,RR,RRR,HHRH,HHHRR
HG03695,R,RR,RRH,ARHH,ARHRR
HG03696,H,RH,RHH,RRRR,HRRHA
HG03697,R,HH,HHA,AHHH,RARHA
HG03698,A,AR,HHH,RHRR,HRAHH
HG03702,H,AR,RAA,HHRH,RRHHH
HG03703,R,RH,HAA,RHHR,RRAHR
HG03705,A,RH,RAR,RRHH,RRRRA
HG03706,H,AR,RAR,RHAR,HHHRR
HG03708,A,RR,HAR,HRRH,AAARH
HG03709,H,RR,RAR,RRAH,ARRRH
HG03711,H,RR,HHA,RRHR,HAHRR
HG03713,H,RH,HAH,RHHR,AHHHA
HG03714,A,HH,RAR,HRRH,HRRHA
HG03716,H,RR,RHH,RHAH,RRHRH
HG03717,R,RR,RAH,HRHA,HHHRH
HG03718,A,HR,AAH,RRRA,HRRRH
HG03720,A,RH,HHH,RHAH,AHHRA
HG03722,R,HR,RAA,HRHR,RHRRH
HG03727,H,HR,AHR,RRRH,HHHHH
HG03729,R,HA,RAH,RRHR,HRHHR
HG03730,H,HH,HHH,HHAR,RHRRH
HG03731,H,HH,HHR,HRRA,HRHRR
HG03733,R,RR,RHR,HHRR,HHHRH
HG03736,H,RH,RAH,RRAH,AHHRR
HG03738,H,RR,RAA,HHHR,RRRHA
HG03740,A,HR,RHR,RHRH,HRHRH
HG03741,A,RH,HRR,RHHR,HRHRA
HG03742,H,RH,HAR,RRRR,RAHRR
HG03743,A,HH,AAA,RRHA,RRHHA
HG03744,R,HR,RAA,HRAR,HHHRR
HG03745,A,HR,AAH,HRRH,HHAHH
HG03746,A,RR,RAH,RARH,HRHRH
HG03750,A,HR,RHR,RHAR,RRRRR
HG03752,A,HR,RAR,RHHH,RHHRA
HG03753,A,RH,RAH,HHHH,RARRA
HG03754,A,HH,RAR,RHAR,HHRRH
HG03755,A,HH,RAR,RHHH,HAHHH
HG03756,H,RR,HHR,RRHA,HRRHH
HG03757,H,HA,RAH,RRAR,HRRRR
HG03760,A,RR,HAA,RHHR,AHRHH
HG03762,H,RH,AHR,HHRA,HARRR
HG03765,R,HH,RHR,RRHR,ARRRH
HG03767,A,AR,RHH,HRRH,HHRRH
HG03770,A,HR,HHH,HHRR,AHARH
HG03771,H,RH,HHH,RRRH,ARHHH
HG03772,H,AH,HAH,RRHH,RHHRH
HG03773,A,RH,HAR,RRRH,HHRHH
HG03774,H,HR,RHH,RRRR,ARHRR
HG03775,A,HR,RAA,AHHR,AHRRH
HG03777,H,HH,RAH,RRRH,HHRRR
HG03778,H,AR,RHA,RHRR,HAHRH
HG03779,A,HH,RHR,HRRR,RHHRA
HG03780,A,HH,RAA,RHHA,RHHHA
HG03781,A,HR,RHH,HRHA,ARHRH
HG03782,H,AH,HHA,RHRR,HHHRA
HG03784,A,HR,AAH,HRRH,HHRHH
HG03785,A,HR,RAA,RRRH,AHRRH
HG03786,A,RR,RRH,RRHH,HHHRA
HG03787,H,RR,RHR,RRAR,HRRRH
HG03788,A,HR,HAR,RRHH,HRHRR
HG03789,H,HR,RHH,RRRH,HRHRH
HG03790,A,RH,HHR,RAHR,HHHRA
HG03792,A,RR,RHH,HHHR,ARRRH
HG03793,H,HR,RAR,HRHR,HHHRH
HG03796,A,AR,HRH,RAAA,HHHHA
HG03800,H,HR,RAR,HRRR,HRRRH
HG03802,R,HR,RAR,RRRH,RAHRH
HG03803,A,HR,RAH,RHHA,AHARH
HG03805,H,HR,RAH,AHRR,ARRRA
HG03808,A,RH,RAR,RRHA,AHHRR
HG03809,A,HA,RAH,RHRR,RRHRR
HG03812,H,HA,RHR,RRRH,ARRRA
HG03814,A,HR,AAH,HHHR,RRHRA
HG03815,H,RR,HAH,RHHR,RAHRH
HG03817,A,HR,RRR,RRAR,HRHHH
HG03821,A,RR,HHR,RRRH,HRRRA
HG03823,A,HH,HAR,RRHR,HHRRR
HG03824,A,HR,RAR,RRHR,HRRRH
HG03826,A,HA,AAH,RHHR,ARHRH
HG03829,H,RH,HAH,RHRR,HRHAH
HG03830,R,HA,HHR,RRHR,HRAHH
HG03832,A,RR,HAH,HRHH,HRARA
HG03833,R,RH,HAR,RRRA,ARHHH
HG03836,A,HR,RRH,RRRR,RRHRR
HG03837,H,RR,RHR,RRHH,HRRRR
HG03838,H,RR,RHH,HRRR,RRHRH
HG03844,H,RR,HAR,RHRR,AHHHA
HG03846,H,RH,RHH,RRRH,HHRRH
HG03848,A,RH,HHA,RRHA,HRRHA
HG03849,H,AR,RAR,RRHR,AHHHR
HG03850,R,HR,RHH,RHRH,AHARA
HG03851,H,RR,RHR,RHHR,RRHRH
HG03854,A,RR,HHH,RHRH,HARHH
HG03856,H,AH,RHR,HRHR,HHARH
HG03857,A,RH,HHH,RHHH,AHRRH
HG03858,R,HA,RHR,RARR,RRARH
HG03861,A,HR,HHA,RAHH,RHRAH
HG03862,A,AH,RRH,RHHR,AHRHH
HG03863,A,RR,RHH,ARHR,HHARH
HG03864,H,HR,HRH,RRHH,HRHHA
HG03866,H,HR,RHR,HRAH,HHRRR
HG03867,A,AH,HAH,RARR,AHHHR
HG03868,A,AH,HAA,RARA,AHRHA
HG03869,A,RR,RAH,HRRA,AHHRR
HG03870,A,HR,HHH,RRRR,HHHHR
HG03871,A,HA,RAR,HHRR,HRRRA
HG03872,A,RH,RAR,RRHR,RRARA
HG03873,H,HR,HHH,RRAH,HRRRH
HG03874,H,AH,RAH,RHRR,ARAHR
HG03875,A,RR,RAR,RHRA,RRRRH
HG03882,A,HH,RAH,HHRH,RHHRA
HG03884,R,HR,RHA,HRHH,RRHRH
HG03885,A,AR,RRR,HRRR,HHHRR
HG03886,A,RH,RAR,RHRR,AHHRA
HG03887,A,HR,HAR,RHHH,HHRRA
HG03888,A,RH,RAH,RRHR,AHHRR
HG03890,H,RH,RHA,ARRH,RRARH
HG03894,H,RH,RAR,HRRH,RHHHA
HG03895,H,HR,RHA,RARH,ARARR
HG03896,A,HH,RAH,RHRH,HHARA
HG03897,A,RR,HAH,AHAH,HHHRH
HG03898,A,RH,RAH,RRRA,HRRRR
HG03899,R,AH,RAR,HRRR,HHRRH
HG03900,A,RA,HHA,RHRR,AAHRH
HG03902,A,RR,RAR,HRRH,RHARA
HG03905,H,HH,RHH,RRAH,HRRHH
HG03907,H,RH,HAA,RRHH,HRARA
HG03908,H,HH,RHR,RRRA,AHAHA
HG03910,H,RR,HAR,RRHH,HRARH
HG03911,A,HH,RAH,RRAR,HRRRR
HG03913,A,AR,RHH,RHRH,ARHRH
HG03914,A,RH,RAR,HHRR,RRRRA
HG03916,A,HR,AAH,RRRH,AHAAH
HG03917,R,RH,HAH,ARRR,HRHRH
HG03919,A,HH,HAH,RRRR,HAHRA
HG03920,A,RR,AHH,RHHH,ARRHA
HG03922,A,HH,RAR,HRRH,HHRRA
HG03925,A,HH,RHR,RHRH,HHRRH
HG03926,A,HR,HAH,RHHH,HHRRH
HG03928,H,HH,HAH,HHRR,HHHRA
HG03931,A,AH,RHR,HRHR,AHRRR
HG03934,H,HA,HHR,RRHA,HHHRH
HG03937,A,RR,HAR,HRRR,AARRA
HG03940,H,RR,RHH,RRRR,ARRRR
HG03941,H,HR,RAR,RRRH,AHARA
HG03943,A,AR,RRA,RHHR,HRRHR
HG03944,H,RR,RHR,HHRH,HHHRA
HG03945,H,RH,RAR,HRRR,ARHRA
HG03947,H,AA,RHH,RRHR,AHHRH
HG03949,A,RR,HAH,RHRA,HRHRA
HG03950,H,HR,RAA,HHRR,AHHRR
HG03951,A,RH,RAH,RHHR,RHARR
HG03953,H,RR,RHR,HRRH,RHAHA
HG03955,H,HA,HHH,HHRH,RRHRH
HG03960,A,RR,HHH,HARH,HRARH
HG03963,A,RH,AHH,RRHH,HHHRH
HG03965,H,HH,RAH,RHRR,ARRHH
HG03967,H,RR,RAR,RHRH,HHHRA
HG03968,A,RR,HAH,HRAH,ARRRA
HG03969,A,RR,HAH,HRHA,RRARR
HG03971,A,HR,HAA,RHRR,AHHHA
HG03973,H,RR,RHR,RRHR,HHRRH
HG03974,A,AH,RRR,HHRR,RRHRA
HG03976,H,RR,AHH,RRAR,HHARH
HG03977,A,HR,RHR,HHRR,HRRRR
HG03978,H,HH,RHH,RRRH,HRRRA
HG03985,H,HH,ARR,HRAR,AHRRH
HG03986,H,AR,RHR,RRHA,HRHRH
HG03989,A,RH,RAH,RHRR,ARAHH
HG03990,H,HH,RAR,RRHR,RHAHH
HG03991,A,HH,HHH,RRRH,AHARH
HG03995,H,RR,HAR,HRHH,HHRRH
HG03998,A,HR,HHH,RHHH,HRHHA
HG03999,A,RR,RHH,RHRH,HHRRH
HG04001,R,RH,HRH,HRHH,RHHRH
HG04002,A,HR,RHH,RHRH,ARRRH
HG04003,A,RR,HAR,HRRR,HHAHA
HG04006,A,RR,AAA,RHRH,HHRRH
HG04014,A,HH,RHH,HRHR,HRHHH
HG04015,A,HH,AHA,HHHH,HHHRR
HG04017,H,RR,RAH,AHRH,ARHRR
HG04018,A,HA,HHA,HHRR,AHHHH
HG04019,A,RR,RAR,RHHH,RRRRH
HG04020,H,HR,HAR,ARHH,RRHRA
HG04022,H,HR,HAA,RAHR,ARRRH
HG04023,A,RR,HAH,RHRR,HARRR
HG04025,A,HH,RAH,HRRR,HHHHH
HG04026,H,RH,RHH,HRRH,RHHHR
HG04029,H,RR,RAR,ARRR,HRHRA
HG04033,A,AR,RAH,RHRH,HHRRH
HG04035,H,RA,RHR,HRHA,HRHRA
HG04038,H,AA,RHH,HRHH,ARHRA
HG04039,A,RH,HAA,AHRR,HHHRH
HG04042,H,AR,RHA,AHHR,ARRHR
HG04047,H,RH,RHH,RRHR,RARHH
HG04054,A,RR,RAR,HRHA,ARHRA
HG04056,A,RH,RHA,RARR,RHRRH
HG04059,A,HR,RAH,RRRH,ARHRR
HG04060,A,HR,HHH,RRHR,HARRA
HG04061,A,HR,RAA,HRRH,HRARH
HG04062,A,AH,HAH,ARRR,AHRRA
HG04063,H,RR,AHH,RRRR,HRHRA
HG04070,A,AR,RAR,HRRR,ARRRR
HG04075,H,AA,HHH,RRRH,RRHRH
HG04076,H,RR,HHH,RHHR,HRRRA
HG04080,A,HR,RHH,RRRH,RRHHR
HG04090,H,HR,HHR,HRHR,AHRRH
HG04093,A,HH,RHR,RRRR,HHHRH
HG04094,H,AH,RHA,RRRR,HRRRH
HG04096,A,RR,HAH,HRRR,HRARH
HG04098,A,HH,RAR,HRRR,HRRRH
HG04099,A,RH,HAH,HRHH,AHHRH
HG04100,H,RH,RAR,HHRR,HHHHA
HG04106,A,AR,HAH,HRHA,HHARH
HG04107,A,RR,HRH,HRHA,HHARH
HG04118,H,AR,RAA,RHRH,AHHHR
HG04131,H,HH,RHA,HRAR,HHHHR
HG04134,H,HH,RHR,HHRH,AAARH
HG04140,R,RR,RHH,HRRR,HHARH
HG04141,A,HR,RAR,RRRR,HRRRH
HG04144,H,RR,RHR,HHHH,ARRHH
HG04146,H,HR,RHR,RHRH,HHRRH
HG04152,H,RR,RAH,RARA,HRHRH
HG04153,H,HH,RAH,HHHA,ARARR
HG04155,H,RR,RHH,HRRR,RHRRH
HG04156,A,RH,AAR,RHHH,HHHRH
HG04158,A,RR,RRA,RRRH,HAHRH
HG04159,A,RR,RHH,RRAR,HRRRA
HG04161,A,AR,RHH,RHHR,AHHRA
HG04162,H,AH,RHH,RHRR,HAHAA
HG04164,H,HR,HAR,HRRH,RRRRH
HG04171,A,HR,RHR,HRRH,HRHHH
HG04173,A,RR,HAH,HHHR,HRHRR
HG04176,A,RR,RHA,HARA,RRARR
HG04177,A,RR,HHR,HRAR,AHRRH
HG04180,H,HR,HAR,HRHH,AAHRH
HG04182,H,RH,RHR,RRRH,HRAAR
HG04183,A,RR,HAH,HRRH,ARHHR
HG04185,A,AH,RAR,AHRR,RAHRH
HG04186,H,HH,HAA,RHRH,HRRHH
HG04188,H,AR,HHR,RHAR,HRHHR
HG04189,H,HR,RAR,HRHR,AAHRR
HG04194,A,AR,RAR,RRRH,HAARA
HG04195,H,AR,HAH,RRHR,ARRRH
HG04198,A,HH,RHR,RHAR,RHHRR
HG04200,H,RH,RHR,RRHH,ARHHH
HG04202,A,HH,HAH,HHRR,ARHRA
HG04206,A,RR,RAH,HHAA,RRHRR
HG04209,A,HR,HHH,HRRR,RRRRA
HG04210,A,HR,RHH,RARH,HHRRA
HG04211,A,RH,RAR,HRRH,HRHRA
HG04212,H,RH,RHR,ARRR,HARRR
HG04214,H,RR,HHH,RARR,RAARH
HG04216,H,HR,HHR,RHHR,HHRRH
HG04219,A,RR,RHH,HRRR,HRHAH
HG04222,H,RR,RAH,ARHH,RRRRH
HG04225,A,HH,AHR,RRHH,HRHRA
HG04227,R,AR,AAH,HRRA,HRHAH
HG04229,A,HR,HAH,RHRH,ARRRH
HG04235,H,RR,HHH,RRRA,HHRHR
HG04238,A,RH,HAH,HRRR,RRHRH
HG04239,H,AR,RAA,RHHH,AARRH
NA06984,A,AH,HAR,HRRH,HHHRH
NA06985,H,HR,RHR,HARH,HAHRR
NA06986,H,HR,RAH,RARR,ARRAA
NA06989,A,AR,HHR,HHRR,HHRRH
NA06994,A,AR,AHR,HHRR,HHHHH
NA07000,H,AR,HAH,ARHR,RHAAR
NA07037,A,AR,RHR,HHAH,HHRHR
NA07048,H,HR,RAR,RHRH,HAHHA
NA07051,A,RR,RAR,RRRR,RRHRH
NA07056,A,RR,RHH,RHHH,HRHHH
NA07347,A,RH,RHR,HHRH,HHAHR
NA07357,H,HH,HRR,RHHH,ARARA
NA10847,A,AH,RAR,RAHH,HHHHH
NA10851,A,HH,HHR,RHRH,RRHHH
NA11829,A,AR,HAH,HARH,RRHHA
NA11830,A,AR,RAR,RARH,HRRHR
NA11831,H,HH,RAH,AARA,RRHRH
NA11832,A,HR,RHR,AAAA,HAHHH
NA11840,H,RR,RAR,RAAH,RRAHH
NA11843,A,HR,HAH,HHRA,RHHRH
NA11881,H,HR,RAH,RRRH,RHRRR
NA11892,H,HR,RHH,ARRH,RHARR
NA11893,H,HR,HHA,ARHA,RRHHR
NA11894,H,HR,RRH,RHRH,RRARR
NA11918,H,RH,HAH,RRHR,HRHHR
NA11919,A,AR,HAR,HRHA,HHARA
NA11920,A,HR,HHH,HRHR,RHARH
NA11930,H,RH,HAH,HARR,ARHRH
NA11931,A,RR,RRH,RHRR,AHRHA
NA11932,H,HR,HAH,HHHH,RHHHH
NA11933,A,HR,RAR,HAHR,RRRHR
NA11992,A,HR,RAH,HARH,AHAHA
NA11994,H,HR,HHR,RARH,HHHRH
NA11995,A,AR,RHR,RRRR,HHARH
NA12003,H,HR,RHR,RHHH,AARRR
NA12004,A,HR,AAH,HARH,RRHHR
NA12005,A,HR,RHR,HHRH,RRHRA
NA12006,H,AR,HHA,RRHH,RHHRR
NA12043,A,RA,RHH,HAAR,HHHRR
NA12044,A,AR,HAH,HRHR,HHHHA
NA12045,A,HR,HHH,RHRH,RRRHH
NA12046,A,HR,RAR,AHRR,RHHHH
NA12058,H,RR,RRH,RHHA,RRRRH
NA12144,A,HH,HHR,HARH,RRHHR
NA12154,H,HR,RAR,RARH,RRHHR
NA12155,A,HH,AAR,RHHR,RRHHR
NA12156,A,RR,RHR,RHHH,RRRRR
NA12234,A,AA,HHR,RHRR,RHAAR
NA12249,R,AR,RAR,AHHH,AHHHR
NA12272,H,RH,HHH,HAHH,HAHHH
NA12273,R,AR,RHR,RARH,RARRR
NA12275,A,AR,RHH,RAHH,AHHRR
NA12282,A,HH,HAR,HAHH,HHHRH
NA12283,A,HR,RAH,HRAR,RRHHR
NA12286,A,AH,HHH,HHRA,HAARH
NA12287,A,HA,RRH,HHRH,RRHHR
NA12340,A,RR,RHH,HARR,ARARR
NA12341,A,AR,RHR,RHHH,HRAHH
NA12342,A,HR,HHR,RHHH,RHHRA
NA12347,A,HH,HAH,RHRH,ARRAR
NA12348,A,AR,HHA,HARA,RHHHR
NA12383,A,RH,RHR,RHRH,AHHRH
NA12399,A,HR,AAA,RHRH,HRARH
NA12400,H,HR,HAR,RAHH,RHARR
NA12413,H,AR,RAR,RHHR,RHHRA
NA12414,H,RR,RAH,RAHH,RRHRH
NA12489,A,HA,HAH,RAHH,HRRHR
NA12546,H,HR,RRR,RHRH,HRRAR
NA12716,H,HR,HAR,HHHH,RRHRH
NA12717,R,RR,RHH,HHRH,HHAHR
NA12718,H,RH,RHR,HHHH,RHHRH
NA12748,A,HR,HAR,RHRR,HHHHR
NA12749,H,RR,HAH,HHRH,RHRRH
NA12750,A,HR,AHR,HARA,HHARH
NA12751,A,HH,RHR,RAHH,HHARR
NA12760,H,HR,RHH,AHHA,RRHRR
NA12761,A,RR,HAR,HARA,HHAHH
NA12762,A,RH,HAR,HHRH,HRRHH
NA12763,H,HR,RAH,RRRR,HHHRH
NA12775,H,RR,HHR,RRHH,RHHRH
NA12776,H,RR,HAR,RAHH,RHARR
NA12777,R,HR,RAR,HARA,RHARA
NA12778,H,RR,HHR,RARH,RAHHR
NA12812,A,HR,RAR,HARH,RHRHH
NA12813,H,HH,RAR,RRRA,HRAHH
NA12814,A,RR,RHR,HRHH,RRARR
NA12815,A,HA,RAR,HARR,AHHHR
NA12827,A,HR,RAR,RHRH,RAHRR
NA12828,A,RR,HAR,HAAH,RHAHA
NA12829,A,HH,RAH,RHRH,HRAHR
NA12830,A,RH,HHR,RRRH,RHRRR
NA12842,H,RH,HRR,RHAH,HHAHH
NA12843,A,AR,HAH,HHHA,HHRAH
NA12872,A,HR,RAR,HHHA,RRHHH
NA12873,A,HR,HAH,RHHH,HRAAH
NA12874,A,HH,HRR,HRRH,AHHRH
NA12878,H,AR,AAR,RAHR,RRHHH
NA12889,A,HH,RAR,HRRH,RAHRH
NA12890,H,AR,HAA,RAHR,AHARR
NA18486,H,RR,RAR,HRHH,ARHHA
NA18488,A,AA,RAA,HRHH,HRHRA
NA18489,A,HH,RHH,HRRR,AHHRH
NA18498,H,HH,HAH,RAHR,HRRRA
NA18499,H,RR,AAH,HRHR,ARHHA
NA18501,A,RR,HHH,HRRH,RRRRH
NA18502,A,HH,HHH,HRRR,ARARH
NA18504,A,HR,HAH,RRRA,AHRHA
NA18505,A,AR,RAR,RRRH,HRHRH
NA18507,A,HA,RAA,RRRH,ARHHA
NA18508,A,HR,RAH,HRRH,ARHHH
NA18510,H,HR,HAA,AHHR,RRHRA
NA18511,H,RH,HRA,HRAR,RHARA
NA18516,H,RR,HAR,HHHH,RHARA
NA18517,H,RR,HAR,HRHR,ARHRA
NA18519,A,RR,HAR,HRRA,ARRRH
NA18520,H,HH,HAA,RRHA,RHHRA
NA18522,H,RH,RAA,HRRR,ARHRA
NA18523,H,RR,RAH,RHHA,HHRHR
NA18525,A,HR,RAR,HRHH,HRRHH
NA18526,H,HR,HAH,HHHH,ARHRR
NA18528,R,RH,RAR,ARRA,ARRRR
NA18530,A,HH,RAR,RHHA,RHRRH
NA18531,A,RA,RAH,RRRR,HHHHA
NA18532,R,RH,RAR,RHAR,ARHRH
NA18533,A,RH,RAR,ARHH,HRHRH
NA18534,A,HR,HHR,HRHA,HRRRH
NA18535,A,RR,RAH,HRHA,HHRHH
NA18536,H,HR,RAR,HRHR,ARRAH
NA18537,A,RR,HAR,RRHA,RRHRH
NA18538,R,RH,HAR,ARAH,RRAHH
NA18539,H,HA,RAH,AHHH,HRRRR
NA18541,A,RH,RAR,AHAR,HARRH
NA18542,A,RA,RAH,RRRH,HRRRH
NA18543,A,HH,HAH,RHHH,HARRH
NA18544,A,RR,HAR,AHHH,HRRHH
NA18545,A,RA,RAH,AHRR,RHHRH
NA18546,H,HH,HAH,HRHA,ARRHH
NA18547,A,RR,HAR,RAHH,ARRRH
NA18548,A,RR,HAR,RRHA,RRRRR
NA18549,A,RH,RAR,RAHH,HRRHR
NA18550,A,RR,AAR,HHAA,AHRHH
NA18552,H,RR,RAR,HRAH,AHHRH
NA18553,A,RH,HAH,RAHA,AHRHA
NA18555,H,RA,HHR,HRHR,ARRRR
NA18557,A,RH,HAR,RHHH,HRRRH
NA18558,H,RR,RAR,AHHH,ARRRH
NA18559,H,RR,RHH,HHAR,RHRRH
NA18560,A,HH,RAH,HRHR,HHRRR
NA18561,R,RR,RAR,HRRA,ARAHR
NA18562,A,RR,RAH,HRRH,RRRAR
NA18563,H,RR,RAR,HRHH,HRRHR
NA18564,A,HH,HAH,HAHH,HHRAH
NA18565,A,RH,HAR,RRHH,ARHRH
NA18566,A,AH,HAR,HRHA,HRRRR
NA18567,H,HR,HAR,HRHA,AHRRH
NA18570,H,HH,RAR,RRRH,HHHHR
NA18571,A,RH,HAR,ARRH,RRRRA
NA18572,H,RR,RAR,HHAR,HRRRR
NA18573,H,HR,HAH,AHHA,HRHRH
NA18574,A,HH,HAH,HRHH,RHHHH
NA18577,A,HR,HAH,HHHH,AHHRH
NA18579,H,RH,HHH,HRRR,HRRRR
NA18582,H,HR,RAR,ARRH,RRRRH
NA18591,A,HR,RAR,ARRH,ARHRH
NA18592,H,RR,RAH,RRRH,RRRRA
NA18593,H,RR,HHH,HRRH,ARRHH
NA18595,H,HR,RAH,RAHA,ARRRR
NA18596,H,RH,HAR,HHHA,AHAHH
NA18597,A,HH,RAR,RRRA,HRHHR
NA18599,H,RR,RAR,HHHH,RRARH
NA18602,H,HR,RAA,RRHH,HHRHH
NA18603,H,HR,RAR,ARHH,HRHHH
NA18605,H,RH,HAR,RRRH,RHRRH
NA18606,A,RR,HAH,HRHR,AHRRA
NA18608,A,HR,RAR,HAHA,RARRH
NA18609,A,HH,RAR,AHHA,HRRHR
NA18610,A,RR,HAR,ARHH,ARRHR
NA18611,H,RA,HAH,RRRH,HHRRH
NA18612,A,HH,RAR,HRRH,RRRRA
NA18613,A,RR,RAR,HRHH,HHRRH
NA18614,A,HA,HHR,RRAA,ARRRH
NA18615,H,RH,RAR,RARH,ARRRH
NA18616,H,HR,RAR,HHHH,HRHHR
NA18617,R,HH,RAH,RRRR,HHRRA
NA18618,A,HA,HHR,HRHH,ARHRH
NA18619,H,RH,HAR,RRRH,HAARH
NA18620,A,HR,RHA,HRRH,RHRRA
NA18621,H,HR,RAR,RRRR,ARHRR
NA18622,A,RA,RAH,RHRA,HHRRR
NA18623,R,RH,AAR,RAHH,HRHHH
NA18624,R,HH,RAH,RRAH,ARHRA
NA18625,A,RR,HAR,RHHH,RARRH
NA18626,A,AR,RAR,RHHH,HRRHH
NA18627,H,HR,RAR,RRHA,RHRRR
NA18628,A,HR,ARR,HRHR,AHHRH
NA18629,A,RR,RAR,HHRH,ARHRR
NA18630,A,HR,HHR,RRAH,HHRRA
NA18631,H,HH,RAH,RHRR,ARHRH
NA18632,H,RR,RAR,HHRH,HRRHH
NA18633,A,AA,RAR,HRRA,HHRRA
NA18634,H,HH,RAR,HHHA,HHRRH
NA18635,A,HR,RAR,RHHH,HHRRA
NA18636,A,AH,RAA,HHRR,RHRAH
NA18637,H,HH,HAR,RHHR,ARRRH
NA18638,R,RR,HAR,RRRA,HRRRH
NA18639,H,HH,HAA,RHRH,HRRHR
NA18640,R,HA,RAR,HHAH,HRRHH
NA18641,H,RH,RAH,ARHA,AAHHH
NA18642,H,RA,RAH,HRHA,RHRRR
NA18643,A,HA,RAH,RHHA,AHHRR
NA18644,A,RH,HAR,ARHR,ARRRH
NA18645,A,RA,HAH,ARAA,HRHHA
NA18646,A,RA,RAR,HRAA,HRHRR
NA18647,H,RR,RHH,AHHH,RRHRR
NA18648,A,RH,RAR,AHRR,HRRRA
NA18740,H,RH,RAR,AHAH,HHRHH
NA18745,H,HH,RAA,RHHA,AHRHH
NA18747,A,HH,HAR,ARHR,HHRRH
NA18748,H,HH,RAH,RRHH,HRRRH
NA18749,A,HA,RAR,RRHH,AHHHR
NA18757,H,HR,RAR,HRHH,HRRRH
NA18853,A,HR,HAR,RHHR,ARHHH
NA18856,H,HR,RAH,HHHH,AHHRH
NA18858,H,HR,AAH,RHRA,HHHRA
NA18861,H,HH,RHH,RRRR,HRHRH
NA18864,H,HH,RAH,HHRH,ARHHA
NA18865,A,RR,HAH,RRRH,HRHRA
NA18867,A,RR,HRR,RRRR,ARHHH
NA18868,H,RR,HHH,HRHH,HRRRR
NA18870,R,AR,RAR,ARHA,HHARH
NA18871,H,RR,HAR,HRRH,ARHRR
NA18873,H,RR,AHR,HHRR,HRRRA
NA18874,A,RH,RHR,HRAH,ARAHR
NA18876,A,HH,RAR,RRRH,ARHRR
NA18877,A,AR,RRR,ARRH,ARARH
NA18878,R,RH,RHH,HHRA,RRHRA
NA18879,A,HR,RAH,HHRA,HRRHH
NA18881,A,RR,HHH,HHRR,AHRHA
NA18907,A,RR,AHH,RRRR,HRAHA
NA18908,R,RR,HAR,RARR,ARRHR
NA18909,H,HR,RAH,ARHH,HRHHR
NA18910,A,RA,RAR,HHRH,ARRRH
NA18912,H,AA,RAR,HRHR,HRARA
NA18915,A,AR,RAR,HHHR,HRHRA
NA18916,H,AR,HAH,RRHH,AHHRA
NA18917,R,RH,HAH,RRHH,HRRRH
NA18923,A,RR,RAA,RHAH,HHHHR
NA18924,H,RR,RHR,HRAA,HRAHR
NA18933,A,HR,RAR,HRHA,ARHHH
NA18934,A,HR,HHH,ARHH,HRRRH
NA18939,A,RR,AAH,RRRH,RRRRA
NA18940,H,RA,RHR,HRRH,HHRRH
NA18941,A,RH,HAA,RRRA,HRRRH
NA18942,H,AH,HAR,HHRA,HAHHH
NA18943,A,RR,RAH,RRHH,AARRR
NA18944,A,RH,RAH,ARAH,HHRRR
NA18945,A,RR,AAR,HRRH,HHRRH
NA18946,A,HH,RAR,RHHR,AHRRR
NA18947,A,RH,RAH,RHRH,RHRHA
NA18948,A,RR,RAR,RHHR,HRRHH
NA18949,H,RH,RAA,HRRH,ARRRH
NA18950,A,RH,HHR,HHHR,AHRHH
NA18951,A,RH,RAH,RRRR,ARRRH
NA18952,H,HR,HAR,HRRH,AHRRH
NA18953,A,RH,RHH,HHHR,RHRRA
NA18954,H,RR,RAR,RHHR,RRHHR
NA18956,A,RH,RHR,HHHA,HRRRH
NA18957,A,HR,RHR,ARAH,AHRRA
NA18959,H,HR,RAA,RRHA,HRHRH
NA18960,H,RR,RAH,RRRH,ARRRR
NA18961,A,RR,RAR,RRHA,HHHHR
NA18962,H,RR,RAH,HHHR,HRRRR
NA18963,H,HR,RAR,RRRA,HHHHH
NA18964,H,HH,RAH,HHRH,HRHRH
NA18965,H,RH,RAA,HRHA,HHRHH
NA18966,A,HR,HAR,HHRR,HRRHR
NA18967,H,RR,RAR,HHHH,HRRRH
NA18968,R,RH,RAR,HRHH,AHRHH
NA18969,A,HR,RAR,RRRR,HHRRH
NA18970,A,AR,RHH,RRRR,HRARH
NA18971,H,RR,RAH,HHRH,HRRRR
NA18972,H,AH,HAR,RAHA,ARRRR
NA18973,A,RR,RAH,ARAR,HHRRH
NA18974,H,RR,RHH,RHAH,HRHAR
NA18975,A,RR,RHR,HHRA,HRRHH
NA18976,H,HH,AAR,RHRA,ARRRR
NA18977,R,RH,RHR,RRHH,HRRRH
NA18978,H,RA,HAH,HRHR,ARRHH
NA18979,H,RR,RAR,HRHH,HRARH
NA18980,H,HR,RAH,HAHR,HHRRA
NA18981,H,RR,RAH,AHAH,HHRHH
NA18982,H,RH,RAR,RHHA,AHHHH
NA18983,A,RR,RAR,HHRH,HRHHH
NA18984,H,HH,HAA,RRRR,AHRRH
NA18985,A,RH,RAR,RHHH,HRHRR
NA18986,A,RR,AAH,HRAR,HHHRH
NA18987,H,RH,RAR,RHHH,HHRAA
NA18988,A,RA,RAR,RAHH,HRRHH
NA18989,H,RA,AAH,RHRA,AHRRA
NA18990,A,RR,HHH,RAAR,ARRRA
NA18991,A,RH,RHH,HHRA,ARRAR
NA18992,A,RH,HAH,RRAR,AHRRR
NA18993,A,HR,RAR,RRHA,ARHRR
NA18994,A,RR,HAR,RRHH,ARRHR
NA18995,A,RH,HAH,RHRR,HHRRR
NA18997,A,HR,RAH,HAHH,ARHRA
NA18998,H,RH,RAH,HRAH,HRRHH
NA18999,A,HH,RAR,RHRH,HHRRA
NA19000,A,RH,RAH,AHRH,RRRHH
NA19001,A,RH,RAR,HRAH,RRRRH
NA19002,H,HR,RAR,HRRH,AHRRH
NA19003,A,RR,RAA,RHRH,HHRRH
NA19004,A,RH,RAH,HRRA,ARRRA
NA19005,A,RH,RAH,HHHA,HHRAH
NA19006,H,RR,RAH,RHHH,HHHRH
NA19007,A,RH,RHR,RHRH,ARRRA
NA19009,A,AH,RAR,HHRR,HRRRH
NA19010,A,HR,RHR,RRHA,HRRHH
NA19011,A,RR,AHH,HAHR,ARRHH
NA19012,H,RR,RAH,HRRH,HRRRH
NA19017,H,HR,RRR,RRHR,HHRHH
NA19019,A,HH,HAA,RHHA,AHHHR
NA19020,H,RH,RHR,RRRH,ARAHH
NA19023,A,RH,HAR,AHRR,HRHRA
NA19024,R,AR,HAR,AHRH,AHHRR
NA19025,A,HH,HAR,RHRH,HHRRH
NA19026,A,HR,RHH,RHRH,HRARR
NA19027,A,HA,HAH,HRHR,HHHRH
NA19028,H,HR,HAR,ARRA,HRAHH
NA19030,H,RR,RHR,HHHR,HHHRH
NA19031,A,RR,HHH,RRHH,RRRRA
NA19035,A,RR,HAH,RRHH,ARHRR
NA19036,H,HR,RAA,RARH,ARRRA
NA19037,R,HR,HAR,RRHR,ARHRA
NA19038,A,HH,HAR,HRRA,AHRHR
NA19041,R,RH,RHA,HRHH,HRRRR
NA19042,H,HA,HAA,HHRR,ARARH
NA19043,A,HH,HHH,ARRH,AHRRH
NA19054,H,RR,AAH,HHHA,HRRRR
NA19055,A,RR,HAR,RHHH,RHRHH
NA19056,H,HR,HHR,RRHA,HRRRA
NA19057,H,RR,HAH,HRHR,RRHRH
NA19058,A,HR,HAR,AHRR,HHRHH
NA19059,H,AH,RRA,RRAH,RRRHR
NA19060,H,HH,RHH,HAHH,ARRHH
NA19062,H,HH,RAH,ARHR,HRRHA
NA19063,H,HR,HAR,RRRA,HRRAH
NA19064,H,RH,RHH,HRHA,HHHRH
NA19065,H,RH,RAR,HHHR,HRRRA
NA19066,H,HH,HAR,RRHA,AHRRA
NA19067,R,RH,HAR,HHHR,HRRRA
NA19068,H,RR,HHH,HHHR,ARRRR
NA19070,A,RH,RAR,RRRR,ARRRH
NA19072,H,RR,RAR,RRHH,HHHRR
NA19074,H,RH,RAH,HRRH,AHHRA
NA19075,H,HH,RAH,RHHR,RHRRR
NA19076,A,RR,RAH,RRHH,ARRRA
NA19077,R,RR,HAA,AHRH,HRRRR
NA19078,A,RA,RAR,HHRH,ARHRR
NA19079,A,RR,RAR,RHRH,AAHHH
NA19080,H,HR,RAA,HHRH,HRHRA
NA19081,R,RR,HAH,ARRR,HHHHH
NA19082,A,RR,HHR,RHAA,ARRRH
NA19083,A,RA,RAR,RRRR,HRARR
NA19084,A,RR,HAR,HRHH,ARHRH
NA19085,A,RH,HAH,RAHA,RRRRA
NA19086,H,HR,RAA,HRHH,RHHHH
NA19087,H,HA,RAH,RRRH,HRHRH
NA19088,H,RA,RAR,HRRR,HRHHA
NA19089,R,RH,RAA,HRRH,ARRRH
NA19090,A,RR,RAR,HHHR,RRRRA
NA19091,R,RH,RAH,RHHA,ARRHH
NA19092,H,HA,RAH,RHRH,AAHRH
NA19093,H,HR,HAR,RRRH,HHRRA
NA19095,A,RH,RHH,RRHR,RRAHH
NA19096,R,RR,RAH,RRRH,ARRRH
NA19098,A,HR,RAA,RHHH,HRHRA
NA19099,A,RR,HAR,HRRR,AHAHA
NA19102,A,HA,HAR,HHAR,ARHRH
NA19107,A,RR,RAH,RHRR,AHHRR
NA19108,A,RA,RAR,AHAR,ARRAH
NA19113,A,HH,RHR,RHRH,AHHRR
NA19114,H,RH,RAR,RHHH,ARHHR
NA19116,A,RH,RHR,ARRR,HHRHR
NA19117,A,HH,HAR,HRAH,ARRRH
NA19118,H,HR,RHR,HHHR,HRHAR
NA19119,H,RH,RAR,HRRR,HRHRA
NA19121,A,RR,RAR,HRHA,HRHRA
NA19129,A,HR,HAR,RAHR,ARARH
NA19130,A,HH,RHH,RRRA,RRRHH
NA19131,A,RR,RAA,RRRR,ARRHA
NA19137,A,AR,RAR,RRRH,HRARR
NA19138,A,RR,RHR,HRHH,ARHRA
NA19141,H,HR,RAH,RHRR,AHRHH
NA19143,R,HR,RHR,HHRH,AHARR
NA19144,H,HA,HAR,ARHA,RRHRR
NA19146,A,HR,HAA,RHAH,HRHRR
NA19147,A,HR,RRR,HRRH,HRRHH
NA19149,H,RH,RAH,AHRR,HHRHH
NA19152,H,HR,HAH,RRHH,HHHRA
NA19153,H,RR,HHH,HRRR,ARHRA
NA19159,R,RR,RHH,HHRH,HRRHA
NA19160,H,RR,RAR,HRRA,HRRHR
NA19171,H,RR,HHR,RRRH,HHHHH
NA19172,H,RH,HHR,RHRR,HRAHA
NA19175,R,HR,HHH,ARHH,HAHRH
NA19184,A,AR,RAH,RHRA,ARARR
NA19185,H,RH,RAH,HHRA,ARHRH
NA19189,H,HA,HRR,RRHR,HRHHH
NA19190,A,HR,RHR,HRHH,HRRRH
NA19197,H,RH,HHR,HRRH,HRRRA
NA19198,H,RR,RAR,RRRH,HRHRH
NA19200,H,RR,RHR,RRHR,HRHHH
NA19201,A,HR,HHR,HRRH,HRRRR
NA19204,H,HH,RHR,RHHR,HRHHR
NA19206,H,RR,HAR,AHHR,AAHHH
NA19207,R,HR,HRR,HRHR,ARRRH
NA19209,H,HR,RAR,HRHR,HRRRH
NA19210,A,RR,HAH,RRHA,ARHRR
NA19213,H,HR,RAA,HHHH,HRRRR
NA19214,A,RR,HAH,RRRR,AHHRA
NA19222,A,RR,RHH,HRAH,ARHHH
NA19223,R,HR,RAR,ARHH,RRRRA
NA19225,A,AR,HHR,HHRH,AARRH
NA19235,H,HR,RHR,HHHA,ARARR
NA19236,A,RR,HAR,RRHH,ARRHH
NA19238,A,HH,RRR,RRHH,HHRRA
NA19239,A,HR,RAH,RAHR,HRARA
NA19247,A,HH,RAH,HRRH,HRAHR
NA19248,H,RR,HHR,RHHH,HAHRH
NA19256,A,RR,HAR,HHHR,HHRHA
NA19257,H,HH,RAR,RRHR,ARHAA
NA19307,R,HR,HHH,RRRA,ARRRH
NA19308,H,RR,RAH,ARRH,HRHRA
NA19309,H,RR,HAH,HRHR,HRHRH
NA19310,H,HR,HAH,RRRR,HRRRH
NA19312,H,RH,ARR,RRHH,AHRRH
NA19314,H,AH,HHR,HRHH,RRAHA
NA19315,H,HH,RAH,HRHH,RRHRH
NA19316,A,HR,AAA,HRRR,ARHRH
NA19317,H,HH,HHH,RHHR,HRHRA
NA19318,H,HR,RHH,HRRH,AAARH
NA19319,H,HR,HHH,RRRH,RRHHA
NA19320,H,HR,HAR,HHAR,HRRHH
NA19321,H,AH,AAA,RHRH,ARARA
NA19323,R,HR,AAH,RRHR,HHHRA
NA19324,H,RH,HAR,HRAR,HRARR
NA19327,A,HH,HHR,HRHR,ARHRA
NA19328,H,RH,HAR,HHHH,HHHHR
NA19331,H,RH,RHH,RHHH,ARRHR
NA19332,R,HR,RAH,RRHR,HHHRH
NA19334,H,HR,HAH,RHHH,ARRHR
NA19338,A,HH,RAR,ARAR,ARRRA
NA19346,R,HR,RAH,RRAH,ARHRR
NA19347,H,RR,HAH,HARR,HHHRH
NA19350,H,RR,RAA,RRHH,AHHHH
NA19351,H,RH,RHR,ARRH,HHRHH
NA19355,A,HH,HAH,RRHR,HHHHA
NA19360,R,HR,HAR,HHRH,HHRRH
NA19372,H,HR,RHR,RRRR,HRRRH
NA19374,A,HH,HAH,HRHH,HRHRR
NA19375,A,RR,HAH,RRRH,HHARR
NA19376,H,HR,HAH,HHRH,HHRHR
NA19377,H,HR,RHH,HRHH,ARARH
NA19378,A,HR,HAR,HRRH,HHRRR
NA19379,H,RH,RAR,RHHR,ARHRA
NA19380,H,HH,RRR,RRHH,HRRRA
NA19383,H,HR,HHH,ARRH,AHARH
NA19384,H,RH,HAH,ARRH,HRRRH
NA19385,R,RR,RHR,HRHH,ARARH
NA19390,H,HH,RAH,HRHR,HRHRH
NA19391,R,HR,AAH,HRHH,ARHHH
NA19393,R,AH,RAH,ARHR,RRHRR
NA19394,A,HH,RAR,RHHH,HRHRH
NA19395,H,HR,RHR,RHRH,HRARH
NA19397,H,HR,RHH,HRHR,ARRHH
NA19399,A,AR,RAR,ARHR,ARHHR
NA19401,A,HA,AAR,HRHH,HHRRA
NA19403,A,RH,HHR,HRRH,RRHRH
NA19404,H,HR,RAH,RAAH,ARRHR
NA19428,H,HR,AHR,HRAH,HHHHR
NA19429,R,RR,RHR,ARRR,ARRHR
NA19430,H,RH,HHR,HRRH,AHRRH
NA19431,A,RH,AAR,HHAH,ARHHR
NA19434,H,HH,HAA,RRHR,ARHRR
NA19435,A,HR,AAR,HHRH,ARHRH
NA19436,H,HH,HAH,RHRA,HHRRH
NA19437,A,HH,HHR,AHRH,HRRHA
NA19438,R,HR,HHR,RRHH,ARRRR
NA19439,H,HR,AAH,HRHH,HRAHA
NA19440,H,RR,HAH,RRRR,HRRRR
NA19443,H,RR,HAH,HRHH,RRRRH
NA19445,A,HR,HAR,HRHR,HRRRA
NA19446,H,RR,HHH,HRHR,HHHRA
NA19448,A,RH,RAH,RRRR,AHHRH
NA19449,A,HH,RHR,RRHH,HARRH
NA19451,H,AH,HHH,RHHA,ARHRH
NA19452,H,AR,AAH,RHHR,HHHRA
NA19454,R,HR,HHA,HHRR,AHHRH
NA19455,H,RH,HAH,RRRR,AHARA
NA19456,A,RR,RHH,RRRH,RHHRR
NA19457,A,HH,RAR,ARAR,HHRRH
NA19461,H,HR,RHH,RRRR,ARHRA
NA19462,A,RH,AAH,HHRR,HAHHH
NA19463,R,HH,AAA,HRHR,RRHRA
NA19466,H,HR,RAR,HRHH,ARRRR
NA19467,A,HH,HAR,HRHA,RRHRH
NA19468,A,RH,HAH,RHRH,AHAHA
NA19471,H,HH,HHR,HRHR,AHHRA
NA19472,A,RR,AAR,RRHH,ARRRH
NA19473,A,HR,HAR,HRHR,AHRRR
NA19474,H,AR,RRH,HRHH,HRHHA
NA19475,A,RR,RAH,ARAR,ARRRR
NA19625,H,RR,RAH,RHRR,HAHRH
NA19648,H,HR,RAR,HRHH,RRHHR
NA19649,A,HR,RAR,RAHA,HHARR
NA19651,A,RR,RRR,HHRR,RRARR
NA19652,A,HR,RHR,HARR,HRHRR
NA19654,H,RR,HHH,RHHA,HRRRR
NA19655,H,RH,RAR,RRRH,HAHHR
NA19657,A,RR,RHR,RRRH,HRHRR
NA19658,A,RH,HAR,HRHH,HHHAR
NA19661,A,RR,RRH,RHHH,HRHRR
NA19663,H,HA,RRH,RRRA,ARHHR
NA19664,A,RR,HAH,RRRR,HHHRH
NA19669,A,RR,RHH,RAHH,RAHHH
NA19670,H,HR,RAA,HHRH,HRRHR
NA19676,A,RR,RHR,HRRH,RHHRR
NA19678,A,RA,HAH,RRRH,RRAHR
NA19679,A,RR,RAR,RHRA,RRRHH
NA19681,R,RH,HAA,HHAH,HRRRR
NA19682,A,HR,RAA,AHHA,RRRHH
NA19684,H,HH,HRR,RARH,HHRRR
NA19700,A,RA,HAA,RHRA,ARARH
NA19701,H,HR,HAH,RAHA,HHHHH
NA19703,H,RH,RHH,HHRH,RRHHH
NA19704,R,HR,HHR,RHAH,HARHR
NA19707,A,RH,RHR,RHHH,RHAAH
NA19711,A,RR,HHH,HRRR,HHAHA
NA19712,H,HH,HRH,RHHH,HHRRH
NA19713,H,HR,HAA,HRRR,AAAHR
NA19716,A,RR,RHR,HAHA,RRHRH
NA19717,A,HH,RHR,RARH,ARHRR
NA19719,A,HR,RAR,HHHR,RRRHA
NA19720,A,RA,RAR,HHRA,ARHRH
NA19722,H,HA,HHR,HRHA,RHHRR
NA19723,A,RH,RHR,RRHH,RRRHR
NA19725,A,RH,HHH,AHRR,RAARH
NA19726,H,RA,RAH,RARA,RRRRR
NA19728,A,HH,HAA,RHRH,HHRRH
NA19729,A,RH,RHR,RHRA,RHRRR
NA19731,A,HH,HAR,HHHA,RRRRR
NA19732,A,RH,HHH,RHHH,RRRRR
NA19734,H,HH,HHR,HAHR,ARRHA
NA19735,A,HH,RAR,RAHH,RRRRH
NA19740,A,RH,RHR,RHHR,ARRRH
NA19741,A,HH,RAH,RRHA,HRRRH
NA19746,H,HH,HAH,RHHH,HHRRH
NA19747,A,RR,RHR,HRRA,RRRRA
NA19749,H,HR,RHR,HHRH,HRRHR
NA19750,R,RR,RHR,RHHH,HHRHR
NA19752,R,HR,HAH,HHRH,RHRRR
NA19755,A,HR,AHR,RARA,RRHRR
NA19756,A,RR,HHH,HRAH,AHRRR
NA19758,H,HH,HHH,HRHH,RRRHH
NA19759,A,HA,HHR,RRHH,HRRRR
NA19761,H,RA,RAH,HHHR,HRHRR
NA19762,A,RR,RAR,HARA,RRAHH
NA19764,A,HA,RAR,RRHH,HRRHA
NA19770,A,HA,RAH,RRHH,HHHRA
NA19771,R,RR,RAR,HARH,HRRRH
NA19773,A,RH,HHH,HHAA,HAHRR
NA19774,H,HR,HHR,RRAH,HHHHH
NA19776,A,RH,RAR,RARA,HHHRR
NA19777,A,RR,RHR,HAHR,HRRRR
NA19779,H,AR,RAH,RRHH,HHAHR
NA19780,H,HH,RAR,RAHH,RRHRH
NA19782,A,RH,RAR,RRAA,HRRRR
NA19783,A,RH,HHR,RHRH,HHRRH
NA19785,A,HR,HHH,RHHH,HHRRR
NA19786,A,HA,AHA,RHRH,HRRHR
NA19788,H,RH,HHR,HAHA,HRRHR
NA19789,A,RR,RAR,HHRH,HHAHA
NA19792,H,RR,HHR,RARA,HHRHR
NA19794,H,RH,RAR,HHHA,ARRRR
NA19795,A,RR,RAH,AHRH,RRRHR
NA19818,R,HR,RAR,HHHA,RHHHR
NA19819,A,AH,HAH,HAHR,AHHHR
NA19834,H,HR,HHR,RRHH,HAHRH
NA19835,H,HR,RAR,HRHH,HRRRR
NA19900,H,AR,RHH,AHRR,HHHRA
NA19901,A,RR,HAA,RRRR,ARRHH
NA19904,A,HA,HHR,HRRA,ARHHR
NA19908,R,RR,RAR,HHRR,HHHHR
NA19909,A,RH,HAH,RHRH,HRRRH
NA19913,A,HH,HAR,HRRH,ARHHR
NA19914,A,RR,AAR,RRRR,HRHHH
NA19916,H,AA,HRR,HAHR,ARRHA
NA19917,H,RR,RAR,RHRR,HHRHA
NA19920,A,HR,AHA,RRHA,HRRRH
NA19921,A,RH,RHA,ARHH,HHHRH
NA19922,H,HR,RAH,RHRH,HRHRR
NA19923,H,HA,HRR,HRHH,AAHHA
NA19982,A,AH,HAA,HRRH,HHRHH
NA19984,A,RH,HAR,RRRH,RRRRA
NA20126,H,RR,RAR,HRRR,ARHAA
NA20127,H,HA,RHR,HRRH,AHRHR
NA20274,H,RR,HAA,RHRH,HRRRR
NA20276,H,HR,HAH,AHRR,HRARH
NA20278,A,HR,RAR,HRRH,HRHHR
NA20281,A,HH,HAR,HRHR,HARRA
NA20282,A,AR,RRH,HRHH,AHRRH
NA20287,A,HR,RAH,RHHR,RRRRA
NA20289,A,HH,RAH,HRRR,AHHRR
NA20291,A,RR,HAH,ARAR,HHHRH
NA20294,A,AR,RAH,AHRR,ARAHA
NA20296,H,HR,HHA,RHAR,RHHHH
NA20298,H,AR,RAH,RRHR,AHHHR
NA20299,A,HR,RHH,AHHH,HRRRH
NA20314,A,HR,HHR,HRHH,HRHRR
NA20317,H,RR,RHA,HHRR,AAARR
NA20318,R,RH,HAH,HARH,AHARR
NA20320,H,RR,RHH,RARH,AHRHR
NA20321,A,RH,RHH,HHRH,AHHRR
NA20332,R,AR,RAH,RRAR,ARHHH
NA20334,A,RH,RHH,AHHA,HRHRH
NA20339,A,HR,RAR,RRRH,HRHRA
NA20340,H,HR,RAR,HRRR,ARRRH
NA20342,A,HR,HAH,RHHH,RHHRR
NA20346,H,RR,RAR,RRHH,HRRRH
NA20348,H,AA,RAR,HHHR,RRARH
NA20351,A,RH,RRR,RRRH,HHHHR
NA20355,H,RA,HHH,HHHH,HRRRR
NA20356,A,RH,HRH,HHHR,RARRA
NA20357,A,RR,RRR,RRRH,AHRRH
NA20359,H,RH,RRR,HRRR,AHARR
NA20362,H,RR,HRH,RRRR,ARHRR
NA20412,H,RH,RHR,HRHH,HHHRH
NA20502,H,AR,HHR,RAHH,HRHRH
NA20503,H,AR,RRH,RARH,HRHHH
NA20504,A,AH,RAR,HHHA,RHHRH
NA20505,A,HR,RHR,HARH,AHRRR
NA20506,H,AR,HHH,HHRR,RAHHR
NA20507,A,HR,RHR,HRHH,HRAHR
NA20508,A,RR,RAA,RHRA,RHAHR
NA20509,H,AH,HAR,HHRH,RHHHH
NA20510,H,HH,HHH,RAHR,HRAHR
NA20511,A,RH,HHH,HHRR,HHHRR
NA20512,R,HH,RHH,RHHH,RRHRA
NA20513,H,HR,AAH,HHHA,RAHRH
NA20514,A,HR,HAH,AARH,RHAHR
NA20515,A,RR,HHR,RARH,HARHH
NA20516,H,AA,HHR,HHRH,HHHRH
NA20517,H,HR,HHR,HRHR,RRARA
NA20518,A,HR,RAR,HAHR,HHARH
NA20519,A,HR,HAH,RHRR,HHHHR
NA20520,A,HH,RRR,HRHA,RRHHR
NA20521,H,RR,RHR,HHRR,HRHHH
NA20522,A,HR,HHR,RHRH,RRHHR
NA20524,A,HH,RHR,RRRH,RHARH
NA20525,H,HR,RAR,HRHH,HRHHR
NA20527,R,HR,HAR,RHHR,RRRHA
NA20528,H,RR,RAH,RAHR,HHHRR
NA20529,H,RR,RAH,RARH,RRHHH
NA20530,A,AR,RAR,HAAH,RRHAR
NA20531,H,HR,RHH,HARH,RHAHA
NA20532,H,AH,HAH,HHRH,ARHRR
NA20533,A,RR,RAR,AHRH,HRHHH
NA20534,H,RH,HHR,AAAR,HAARA
NA20535,H,RR,HHR,HARH,HHAHR
NA20536,H,RA,HHR,HHRH,HHHRH
NA20538,A,HR,RHR,AHRR,AHHRH
NA20539,H,HR,AAR,RHRH,ARAHH
NA20540,A,RR,HRH,HHRH,AAARH
NA20541,A,RR,HAR,RHRH,HHHHR
NA20542,A,RH,HAH,ARHA,ARHRH
NA20543,A,AH,RHH,RAAH,AHAAR
NA20544,A,HH,RAR,AAHH,HRARR
NA20581,H,HH,RAR,HHRA,RHAHH
NA20582,H,RH,HAR,RHRA,HHRHH
NA20585,A,HR,RAH,RHRH,RHAHR
NA20586,H,HH,HHR,RRHR,RRHRA
NA20587,H,RR,AAH,RAAR,RRHRR
NA20588,H,HR,RAH,HRRH,RRHRA
NA20589,A,RR,AHH,HHRH,RHARA
NA20752,A,RR,RAH,HARH,HHRHA
NA20753,A,RR,RAR,HHRH,AHARH
NA20754,H,RR,AAA,HHRH,RHHHR
NA20755,A,HH,HHR,AARH,HHRRH
NA20756,A,RH,RAH,RARH,AHRRR
NA20757,A,RH,RRR,HARH,RARHH
NA20758,A,HR,RHR,RAHR,RHHRH
NA20759,A,HR,RHH,HRHA,RHRAR
NA20760,R,HH,HHR,RRRH,RRHRR
NA20761,H,HR,RHR,AHAR,HAAHH
NA20762,H,HR,AHR,HARH,RRRAA
NA20763,H,RH,RHR,HHRR,HHRHR
NA20764,A,HR,RHR,RHHR,RRAAH
NA20765,A,RR,HHR,RHRH,HRHRH
NA20766,A,HR,HHR,RHRR,HARRR
NA20767,A,RR,HHA,HHRR,RRHAH
NA20768,R,HR,AHR,RHRH,AHHHR
NA20769,H,HH,RHR,RRRA,HRARR
NA20770,H,AR,RAR,HRRR,AHHRH
NA20771,A,RH,AHR,HRHH,HHRHH
NA20772,R,RR,RHR,AHHH,HHRRR
NA20773,A,RA,RHH,HHRR,RHHRR
NA20774,H,HH,RHR,HHRH,RRARR
NA20775,A,RR,RAH,RHRR,HHHRH
NA20778,A,HR,RRH,RHRR,RHHHA
NA20783,H,HH,RAR,HARH,AHRRR
NA20785,A,RH,HAH,RHRA,HHHHR
NA20786,A,HH,AHH,AHHH,HHAHH
NA20787,H,HR,RAR,HARR,HRHRR
NA20790,A,AR,HAR,RAHA,HRARH
NA20792,A,HH,RHR,AARH,HHHRR
NA20795,H,RR,AHH,HRRA,HAAHH
NA20796,R,HR,RHR,HHRR,RRARA
NA20797,H,HR,RRR,RRAR,RHHHR
NA20798,A,HR,RAR,HHHH,HHHHA
NA20799,A,AH,HHH,RARH,RHHHH
NA20800,H,HR,AHH,HHHH,HRHHH
NA20801,A,HR,HAH,HRRH,HRRRR
NA20802,A,HH,HHR,HHRR,HRAHR
NA20803,A,HR,HHH,RRRR,RRHHH
NA20804,H,HR,RHR,RHRH,RHHRH
NA20805,A,HR,RHR,RHRH,HHHHH
NA20806,A,AH,RHA,HAHH,RHHRH
NA20807,A,AH,HAR,HHRR,RHARR
NA20808,H,HH,RHR,AAHH,HHHHA
NA20809,A,HR,RHH,RHHA,RRHRH
NA20810,A,RR,RAH,HAHR,RHHHR
NA20811,R,HR,HAR,RHHH,RRHRH
NA20812,A,HR,HHR,ARRR,HHARH
NA20813,H,HR,RAH,HHRA,RHAHR
NA20814,H,HR,HAH,HRHH,RHARH
NA20815,A,AR,HAR,RRHR,HRARR
NA20818,H,RR,RHR,RRHR,AHARA
NA20819,A,RR,RHR,HHRH,RHRRH
NA20821,A,RR,RHR,RARR,RAHHR
NA20822,A,AR,HAR,RAHR,AAARH
NA20826,H,RR,RAH,HAHH,HRHRR
NA20827,H,RR,RHR,HHHH,HRAHH
NA20828,R,HR,HAR,ARRA,RRRRA
NA20832,A,RR,RHH,RARR,HRHRH
NA20845,A,AH,AAH,ARRH,HRHHH
NA20846,A,HR,RHH,HHRR,HRRHA
NA20847,A,AH,HAH,RRRR,RRHRH
NA20849,H,RA,RAR,RRHH,HRRRA
NA20850,A,AH,RHR,RRRH,ARARR
NA20851,H,RA,HAR,RRHH,HRHAH
NA20852,R,RR,HHH,HRHH,ARHHH
NA20853,H,RA,RAR,HHRR,ARHRH
NA20854,A,HR,HAR,RRHR,HRRHR
NA20856,H,RR,RHH,RHAR,AHHHH
NA20858,H,RR,RHH,RHHH,HHHRR
NA20859,A,RH,RRH,RRRR,ARHRH
NA20861,H,HR,HAH,HRHA,HRHRH
NA20862,H,AH,HAR,HRHR,HHHRR
NA20863,A,HH,HAH,HHRA,HARRR
NA20864,A,RR,RAR,AHRH,RHHRR
NA20866,H,HH,HHR,RRRH,HHHHH
NA20867,H,HH,RAH,RRAR,AARHH
NA20868,A,HH,HHR,RRRH,RHRRR
NA20869,H,HA,HAH,HRRR,RRHRR
NA20870,H,HR,HRH,HHHR,RHRRA
NA20872,A,HR,HHR,RRRR,RRHHH
NA20874,H,HR,AAR,RHAH,ARRHH
NA20875,H,RA,RAR,RRRR,HRHRA
NA20876,R,RR,HAH,HHHR,HHRRA
NA20877,A,HR,RRR,RHAR,HRHRH
NA20878,H,RR,HAH,RHHA,ARAHH
NA20881,A,RR,RHR,HRRH,AHRRH
NA20882,H,HR,RAH,HAAA,RHARR
NA20884,H,RR,RHH,RRAH,HRARH
NA20885,R,AR,HAH,HRRA,HRHRA
NA20886,H,HR,HHR,HRRR,ARARR
NA20887,H,HH,HHA,AHRH,RAHHA
NA20888,H,HH,HRR,HRHR,AHHHH
NA20889,H,RH,RAH,RRHR,HHHRH
NA20890,A,HR,HAH,RRRH,RHAHH
NA20891,A,RR,RHH,ARRH,HHHRH
NA20892,A,RR,RAR,RHRR,AAHRH
NA20894,A,RR,RHR,RRRA,HRHHA
NA20895,A,HH,HRH,ARRR,HRHRH
NA20896,A,AR,HAR,RRRR,HRRRH
NA20897,A,RR,RAA,HHHH,ARHRH
NA20899,H,HH,RRR,RHRR,ARHRH
NA20900,A,HR,RAR,HHHH,HRHRH
NA20901,H,RH,RHR,RRRH,HRHRR
NA20902,A,RH,HAH,HAHH,HHRHH
NA20903,R,AH,RAH,HHHR,AHARH
NA20904,A,RA,HAR,HRHR,RAARH
NA20905,A,AH,RAH,RHRR,AHHRH
NA20906,A,HR,RAA,HHRH,HHRHH
NA20908,H,HR,RRH,RHHH,HRARH
NA20910,A,HH,RHH,RRHH,RAAHR
NA20911,R,RH,RHH,HHRH,HHHHA
NA21086,A,AH,RAH,HRHR,ARHRH
NA21087,H,HR,RHR,ARHR,HHARH
NA21088,A,RR,RAH,RRRH,HHHHH
NA21089,H,RH,RHH,HRRH,HRRHA
NA21090,H,AR,RAR,HRRR,HRAHA
NA21091,A,AA,HAH,HRRH,HHRRH
NA21092,H,RR,RAR,HRHR,RRHHR
NA21093,H,RR,HHA,RRRA,AHARH
NA21094,A,RH,HAR,RRHR,HRRHA
NA21095,A,HR,RAH,AHHH,AHARH
NA21097,A,HR,RAR,AHHH,HHARR
NA21098,H,HH,RAA,RRRH,HRHRH
NA21099,A,RR,HHH,ARRR,HRRHA
NA21100,H,HH,RAR,HRRR,RHHHH
NA21101,H,RH,HHR,HHRR,HRRRA
NA21102,H,RH,RRR,HHRR,HHRRR
NA21103,A,RA,AHR,ARRH,AHRRH
NA21104,H,HH,HAR,ARAH,HHAHH
NA21105,A,HR,HRR,ARRH,AHARH
NA21106,H,HR,HAH,HRHA,HRHRH
NA21107,A,AH,AAH,RHRH,RAHHH
NA21108,A,AR,HHH,ARHR,AHAHA
NA21109,R,RH,RAH,RRRH,HRHHH
NA21110,H,HR,RHH,RRHH,HRARA
NA21111,H,AH,RAH,HRHA,HRHRH
NA21112,A,RR,RRH,RRHH,HAARR
NA21113,A,HH,HHR,HRHR,HHRRA
NA21114,H,HR,HAA,RRRR,HRRHA
NA21115,H,HH,RHR,HRRR,RHARA
NA21116,A,AA,RAR,RRHR,HHHRA
NA21117,H,RA,RHR,RRHR,AHRRH
NA21118,H,RA,HHR,RRAR,HHARH
NA21119,H,HR,HHH,RRRR,HRHHR
NA21120,H,HH,RAH,RRAR,RRRRH
NA21122,A,HH,RAH,RRRR,HRHRA
NA21123,H,RH,HAA,RHHR,HHARA
NA21124,A,RH,AHH,HRHR,AHHHA
NA21125,H,AH,RHH,RHHR,HHAHH
NA21126,H,AR,HAH,RRRR,HRHHA
NA21127,A,HR,RHR,HRHH,HRHRA
NA21128,A,RH,AAH,HRAR,RHHAA
NA21129,A,HH,RAH,HHHR,AHRRR
NA21130,A,HH,HAH,RAHH,HHHRA
NA21133,A,RH,HHH,RRHA,HAHRH
NA21135,H,HH,RAH,RHRR,HRRRH
NA21137,H,HH,HAH,HRHA,AHRRA
NA21141,A,AH,HAH,RRRA,HAHRH
NA21142,A,HR,HAA,ARRR,ARHRH
NA21143,A,RR,RHH,AHRR,RRRHR
NA21144,A,RH,RRR,RRRH,HHHAA
